1,pound,1,1,40,35,100,0,2,,,1,,0,damage,0,none,1,1,1,1,0,0,0,0,0,0,contact; protect; mirror,,,
2,karate-chop,1,2,50,25,100,0,2,,,44,,0,damage,0,none,1,1,1,1,0,0,1,0,0,0,contact; protect; mirror,,,
3,double-slap,1,1,15,10,85,0,2,,,30,,0,damage,0,none,2,5,1,1,0,0,0,0,0,0,contact; protect; mirror,,,
4,comet-punch,1,1,18,15,85,0,2,,,30,,0,damage,0,none,2,5,1,1,0,0,0,0,0,0,contact; protect; mirror; punch,,,
5,mega-punch,1,1,80,20,85,0,2,,,1,,0,damage,0,none,1,1,1,1,0,0,0,0,0,0,contact; protect; mirror; punch,,,
6,pay-day,1,1,40,20,100,0,2,,TRUE,35,,0,damage,0,none,1,1,1,1,0,0,0,0,0,0,protect; mirror,,,
7,fire-punch,1,10,75,15,100,0,2,,,5,10,4,damage+ailment.nonv,4,burn,1,1,1,1,0,0,0,10,0,0,contact; protect; mirror; punch,,,
8,ice-punch,1,15,75,15,100,0,2,,,6,10,4,damage+ailment.nonv,3,freeze,1,1,1,1,0,0,0,10,0,0,contact; protect; mirror; punch,,,
9,thunder-punch,1,13,75,15,100,0,2,,,7,10,4,damage+ailment.nonv,1,paralysis,1,1,1,1,0,0,0,10,0,0,contact; protect; mirror; punch,,,
10,scratch,1,1,40,35,100,0,2,,,1,,0,damage,0,none,1,1,1,1,0,0,0,0,0,0,contact; protect; mirror,,,
11,vice-grip,1,1,55,30,100,0,2,,,1,,0,damage,0,none,1,1,1,1,0,0,0,0,0,0,contact; protect; mirror,,,
12,guillotine,1,1,,5,30,0,2,,,39,,9,ohko,0,none,1,1,1,1,0,0,0,0,0,0,contact; protect; mirror,,,
13,razor-wind,1,1,80,10,100,0,3,,,40,,0,damage,0,none,1,1,1,1,0,0,1,0,0,0,charge; protect; mirror,,,
14,swords-dance,1,1,,20,,0,1,,,51,,2,net-good-stats,0,none,1,1,1,1,0,0,0,0,0,0,snatch; dance,ATK,2,1
15,cut,1,1,50,30,95,0,2,,,1,,0,damage,0,none,1,1,1,1,0,0,0,0,0,0,contact; protect; mirror,,,
16,gust,1,3,40,35,100,0,3,,,150,,0,damage,0,none,1,1,1,1,0,0,0,0,0,0,protect; mirror; distance,,,
17,wing-attack,1,3,60,35,100,0,2,,,1,,0,damage,0,none,1,1,1,1,0,0,0,0,0,0,contact; protect; mirror; distance,,,
18,whirlwind,1,1,,20,,-6,1,,,29,,12,force-switch,0,none,1,1,1,1,0,0,0,0,0,0,reflectable; mirror; authentic,,,
19,fly,1,3,90,15,95,0,2,,,156,,0,damage,0,none,1,1,1,1,0,0,0,0,0,0,contact; charge; protect; mirror; gravity; distance,,,
20,bind,1,1,15,20,85,0,2,,,43,100,4,damage+ailment.volatile,8,trap,1,1,5,6,0,0,0,100,0,0,contact; protect; mirror,,,
21,slam,1,1,80,20,75,0,2,,,1,,0,damage,0,none,1,1,1,1,0,0,0,0,0,0,contact; protect; mirror; non-sky-battle,,,
22,vine-whip,1,12,45,25,100,0,2,,,1,,0,damage,0,none,1,1,1,1,0,0,0,0,0,0,contact; protect; mirror,,,
23,stomp,1,1,65,20,100,0,2,,,151,30,0,damage,0,none,1,1,1,1,0,0,0,0,30,0,contact; protect; mirror; non-sky-battle,,,
24,double-kick,1,2,30,30,100,0,2,,,45,,0,damage,0,none,2,2,1,1,0,0,0,0,0,0,contact; protect; mirror,,,
25,mega-kick,1,1,120,5,75,0,2,,,1,,0,damage,0,none,1,1,1,1,0,0,0,0,0,0,contact; protect; mirror,,,
26,jump-kick,1,2,100,10,95,0,2,,,46,,0,damage,0,none,1,1,1,1,0,0,0,0,0,0,contact; protect; mirror; gravity,,,
27,rolling-kick,1,2,60,15,85,0,2,,,32,30,0,damage,0,none,1,1,1,1,0,0,0,0,30,0,contact; protect; mirror,,,
28,sand-attack,1,5,,15,100,0,1,,,24,,2,net-good-stats,0,none,1,1,1,1,0,0,0,0,0,0,protect; reflectable; mirror,ACC,-1,0
29,headbutt,1,1,70,15,100,0,2,,,32,30,0,damage,0,none,1,1,1,1,0,0,0,0,30,0,contact; protect; mirror,,,
30,horn-attack,1,1,65,25,100,0,2,,,1,,0,damage,0,none,1,1,1,1,0,0,0,0,0,0,contact; protect; mirror,,,
31,fury-attack,1,1,15,20,85,0,2,,,30,,0,damage,0,none,2,5,1,1,0,0,0,0,0,0,contact; protect; mirror,,,
32,horn-drill,1,1,,5,30,0,2,,,39,,9,ohko,0,none,1,1,1,1,0,0,0,0,0,0,contact; protect; mirror,,,
33,tackle,1,1,40,35,100,0,2,,,1,,0,damage,0,none,1,1,1,1,0,0,0,0,0,0,contact; protect; mirror,,,
34,body-slam,1,1,85,15,100,0,2,,,7,30,4,damage+ailment.nonv,1,paralysis,1,1,1,1,0,0,0,30,0,0,contact; protect; mirror; non-sky-battle,,,
35,wrap,1,1,15,20,90,0,2,,,43,100,4,damage+ailment.volatile,8,trap,1,1,5,6,0,0,0,100,0,0,contact; protect; mirror,,,
36,take-down,1,1,90,20,85,0,2,,,49,,0,damage,0,none,1,1,1,1,-25,0,0,0,0,0,contact; protect; mirror,,,
37,thrash,1,1,120,10,100,0,2,,,28,,0,damage,0,none,1,1,1,1,0,0,0,0,0,0,contact; protect; mirror,,,
38,double-edge,1,1,120,15,100,0,2,,,199,,0,damage,0,none,1,1,1,1,-33,0,0,0,0,0,contact; protect; mirror,,,
39,tail-whip,1,1,,30,100,0,1,,,20,,2,net-good-stats,0,none,1,1,1,1,0,0,0,0,0,0,protect; reflectable; mirror,DEF,-1,0
40,poison-sting,1,4,15,35,100,0,2,,,3,30,4,damage+ailment.nonv,5,poison,1,1,1,1,0,0,0,30,0,0,protect; mirror,,,
41,twineedle,1,7,25,20,100,0,2,,,78,20,4,damage+ailment.nonv,5,poison,2,2,1,1,0,0,0,20,0,0,protect; mirror,,,
42,pin-missile,1,7,25,20,95,0,2,,,30,,0,damage,0,none,2,5,1,1,0,0,0,0,0,0,protect; mirror,,,
43,leer,1,1,,30,100,0,1,,,20,100,2,net-good-stats,0,none,1,1,1,1,0,0,0,0,0,100,protect; reflectable; mirror,DEF,-1,0
44,bite,1,17,60,25,100,0,2,,,32,30,0,damage,0,none,1,1,1,1,0,0,0,0,30,0,contact; protect; mirror; bite,,,
45,growl,1,1,,40,100,0,1,,,19,,2,net-good-stats,0,none,1,1,1,1,0,0,0,0,0,0,protect; reflectable; mirror; sound; authentic,ATK,-1,0
46,roar,1,1,,20,,-6,1,,,29,,12,force-switch,0,none,1,1,1,1,0,0,0,0,0,0,reflectable; mirror; sound; authentic,,,
47,sing,1,1,,15,55,0,1,,,2,,1,ailment.nonv,2,sleep,1,1,2,4,0,0,0,0,0,0,protect; reflectable; mirror; sound; authentic,,,
48,supersonic,1,1,,20,55,0,1,,,50,,1,ailment.volatile,6,confusion,1,1,2,5,0,0,0,0,0,0,protect; reflectable; mirror; sound; authentic,,,
49,sonic-boom,1,1,,20,90,0,3,,,131,,0,damage,0,none,1,1,1,1,0,0,0,0,0,0,protect; mirror,,,
50,disable,1,1,,20,100,0,1,,,87,,13,ailment.volatile,13,disable,1,1,4,4,0,0,0,0,0,0,protect; reflectable; mirror; authentic,,,
51,acid,1,4,40,30,100,0,3,,,73,10,6,damage+lower,0,none,1,1,1,1,0,0,0,0,0,10,protect; mirror,SPDEF,-1,0
52,ember,1,10,40,25,100,0,3,,,5,10,4,damage+ailment.nonv,4,burn,1,1,1,1,0,0,0,10,0,0,protect; mirror,,,
53,flamethrower,1,10,90,15,100,0,3,,,5,10,4,damage+ailment.nonv,4,burn,1,1,1,1,0,0,0,10,0,0,protect; mirror,,,
54,mist,1,15,,30,,0,1,,,47,,11,field-effect,0,none,1,1,1,1,0,0,0,0,0,0,snatch,,,
55,water-gun,1,11,40,25,100,0,3,,,1,,0,damage,0,none,1,1,1,1,0,0,0,0,0,0,protect; mirror,,,
56,hydro-pump,1,11,110,5,80,0,3,,,1,,0,damage,0,none,1,1,1,1,0,0,0,0,0,0,protect; mirror,,,
57,surf,1,11,90,15,100,0,3,,,258,,0,damage,0,none,1,1,1,1,0,0,0,0,0,0,protect; mirror; non-sky-battle,,,
58,ice-beam,1,15,90,10,100,0,3,,,6,10,4,damage+ailment.volatile,3,freeze,1,1,1,1,0,0,0,10,0,0,protect; mirror,,,
59,blizzard,1,15,110,5,70,0,3,,,261,10,4,damage+ailment.volatile,3,freeze,1,1,1,1,0,0,0,10,0,0,protect; mirror,,,
60,psybeam,1,14,65,20,100,0,3,,,77,10,4,damage+ailment.nonv,6,confusion,1,1,2,5,0,0,0,10,0,0,protect; mirror,,,
61,bubble-beam,1,11,65,20,100,0,3,,,71,10,6,damage+lower,0,none,1,1,1,1,0,0,0,0,0,10,protect; mirror,SPEED,-1,0
62,aurora-beam,1,15,65,20,100,0,3,,,69,10,6,damage+lower,0,none,1,1,1,1,0,0,0,0,0,10,protect; mirror,ATK,-1,0
63,hyper-beam,1,1,150,5,90,0,3,,,81,,0,damage,0,none,1,1,1,1,0,0,0,0,0,0,recharge; protect; mirror,,,
64,peck,1,3,35,35,100,0,2,,,1,,0,damage,0,none,1,1,1,1,0,0,0,0,0,0,contact; protect; mirror; distance,,,
65,drill-peck,1,3,80,20,100,0,2,,,1,,0,damage,0,none,1,1,1,1,0,0,0,0,0,0,contact; protect; mirror; distance,,,
66,submission,1,2,80,20,80,0,2,,,49,,0,damage,0,none,1,1,1,1,-25,0,0,0,0,0,contact; protect; mirror,,,
67,low-kick,1,2,,20,100,0,2,,,197,,0,damage,0,none,1,1,1,1,0,0,0,0,0,0,contact; protect; mirror,,,
68,counter,1,2,,20,100,-5,2,,,90,,0,damage,0,none,1,1,1,1,0,0,0,0,0,0,contact; protect,,,
69,seismic-toss,1,2,,20,100,0,2,,,88,,0,damage,0,none,1,1,1,1,0,0,0,0,0,0,contact; protect; mirror; non-sky-battle,,,
70,strength,1,1,80,15,100,0,2,,,1,,0,damage,0,none,1,1,1,1,0,0,0,0,0,0,contact; protect; mirror,,,
71,absorb,1,12,20,25,100,0,3,,,4,,8,damage+heal,0,none,1,1,1,1,50,0,0,0,0,0,protect; mirror; heal,,,
72,mega-drain,1,12,40,15,100,0,3,,,4,,8,damage+heal,0,none,1,1,1,1,50,0,0,0,0,0,protect; mirror; heal,,,
73,leech-seed,1,12,,10,90,0,1,,,85,,1,ailment.volatile,18,leech-seed,1,1,1,1,0,0,0,0,0,0,protect; reflectable; mirror,,,
74,growth,1,1,,20,,0,1,,,317,,2,net-good-stats,0,none,1,1,1,1,0,0,0,0,0,0,snatch,ATK; SPATK,1; 1,1
75,razor-leaf,1,12,55,25,95,0,2,,,44,,0,damage,0,none,1,1,1,1,0,0,1,0,0,0,protect; mirror,,,
76,solar-beam,1,12,120,10,100,0,3,,,152,,0,damage,0,none,1,1,1,1,0,0,0,0,0,0,charge; protect; mirror,,,
77,poison-powder,1,4,,35,75,0,1,,,67,,1,ailment.nonv,5,poison,1,1,1,1,0,0,0,0,0,0,protect; reflectable; mirror; powder,,,
78,stun-spore,1,12,,30,75,0,1,,,68,,1,ailment.nonv,1,paralysis,1,1,1,1,0,0,0,0,0,0,protect; reflectable; mirror; powder,,,
79,sleep-powder,1,12,,15,75,0,1,,,2,,1,ailment.nonv,2,sleep,1,1,2,4,0,0,0,0,0,0,protect; reflectable; mirror; powder,,,
80,petal-dance,1,12,120,10,100,0,3,,,28,,0,damage,0,none,1,1,1,1,0,0,0,0,0,0,contact; protect; mirror; dance,,,
81,string-shot,1,7,,40,95,0,1,,,61,,2,net-good-stats,0,none,1,1,1,1,0,0,0,0,0,0,protect; reflectable; mirror,SPEED,-2,0
82,dragon-rage,1,16,,10,100,0,3,,,42,,0,damage,0,none,1,1,1,1,0,0,0,0,0,0,protect; mirror,,,
83,fire-spin,1,10,35,15,85,0,3,,,43,100,4,damage+ailment.volatile,8,trap,1,1,5,6,0,0,0,100,0,0,protect; mirror,,,
84,thunder-shock,1,13,40,30,100,0,3,,,7,10,4,damage+ailment.nonv,1,paralysis,1,1,1,1,0,0,0,10,0,0,protect; mirror,,,
85,thunderbolt,1,13,90,15,100,0,3,,,7,10,4,damage+ailment.nonv,1,paralysis,1,1,1,1,0,0,0,10,0,0,protect; mirror,,,
86,thunder-wave,1,13,,20,90,0,1,,,68,,1,ailment.nonv,1,paralysis,1,1,1,1,0,0,0,0,0,0,protect; reflectable; mirror,,,
87,thunder,1,13,110,10,70,0,3,,,153,30,4,damage+ailment.nonv,1,paralysis,1,1,1,1,0,0,0,30,0,0,protect; mirror,,,
88,rock-throw,1,6,50,15,90,0,2,,,1,,0,damage,0,none,1,1,1,1,0,0,0,0,0,0,protect; mirror,,,
89,earthquake,1,5,100,10,100,0,2,,,148,,0,damage,0,none,1,1,1,1,0,0,0,0,0,0,protect; mirror; non-sky-battle,,,
90,fissure,1,5,,5,30,0,2,,,39,,9,ohko,0,none,1,1,1,1,0,0,0,0,0,0,protect; mirror; non-sky-battle,,,
91,dig,1,5,80,10,100,0,2,,,257,,0,damage,0,none,1,1,1,1,0,0,0,0,0,0,contact; charge; protect; mirror; non-sky-battle,,,
92,toxic,1,4,,10,90,0,1,,,34,,1,ailment.nonv,5,poison,1,1,15,15,0,0,0,0,0,0,protect; reflectable; mirror,,,
93,confusion,1,14,50,25,100,0,3,,,77,10,4,damage+ailment.volatile,6,confusion,1,1,2,5,0,0,0,10,0,0,protect; mirror,,,
94,psychic,1,14,90,10,100,0,3,,,73,10,6,damage+lower,0,none,1,1,1,1,0,0,0,0,0,10,protect; mirror,SPDEF,-1,0
95,hypnosis,1,14,,20,60,0,1,,,2,,1,ailment.nonv,2,sleep,1,1,2,4,0,0,0,0,0,0,protect; reflectable; mirror,,,
96,meditate,1,14,,40,,0,1,,,11,,2,net-good-stats,0,none,1,1,1,1,0,0,0,0,0,0,snatch,ATK,1,1
97,agility,1,14,,30,,0,1,,,53,,2,net-good-stats,0,none,1,1,1,1,0,0,0,0,0,0,snatch,SPEED,2,1
98,quick-attack,1,1,40,30,100,1,2,,,104,,0,damage,0,none,1,1,1,1,0,0,0,0,0,0,contact; protect; mirror,,,
99,rage,1,1,20,20,100,0,2,,,82,,0,damage,0,none,1,1,1,1,0,0,0,0,0,0,contact; protect; mirror,,,
100,teleport,1,14,,20,,0,1,,,154,,13,gimmick,0,none,1,1,1,1,0,0,0,0,0,0,,,,
101,night-shade,1,8,,15,100,0,3,,,88,,0,damage,0,none,1,1,1,1,0,0,0,0,0,0,protect; mirror,,,
102,mimic,1,1,,10,,0,1,,,83,,13,gimmick,0,none,1,1,1,1,0,0,0,0,0,0,protect; authentic,,,
103,screech,1,1,,40,85,0,1,,,60,,2,net-good-stats,0,none,1,1,1,1,0,0,0,0,0,0,protect; reflectable; mirror; sound; authentic,DEF,-2,0
104,double-team,1,1,,15,,0,1,,,17,,2,net-good-stats,0,none,1,1,1,1,0,0,0,0,0,0,snatch,EVA,1,1
105,recover,1,1,,10,,0,1,,,33,,3,heal,0,none,1,1,1,1,0,50,0,0,0,0,snatch; heal,,,
106,harden,1,1,,30,,0,1,,,12,,2,net-good-stats,0,none,1,1,1,1,0,0,0,0,0,0,snatch,DEF,1,1
107,minimize,1,1,,10,,0,1,,,109,,2,net-good-stats,0,none,1,1,1,1,0,0,0,0,0,0,snatch,EVA,2,1
108,smokescreen,1,1,,20,100,0,1,,,24,,2,net-good-stats,0,none,1,1,1,1,0,0,0,0,0,0,protect; reflectable; mirror,ACC,-1,0
109,confuse-ray,1,8,,10,100,0,1,,,50,,1,ailment.volatile,6,confusion,1,1,2,5,0,0,0,0,0,0,protect; reflectable; mirror,,,
110,withdraw,1,11,,40,,0,1,,,12,,2,net-good-stats,0,none,1,1,1,1,0,0,0,0,0,0,snatch,DEF,1,1
111,defense-curl,1,1,,40,,0,1,,,157,,2,net-good-stats,0,none,1,1,1,1,0,0,0,0,0,0,snatch,DEF,1,1
112,barrier,1,14,,20,,0,1,,,52,,2,net-good-stats,0,none,1,1,1,1,0,0,0,0,0,0,snatch,DEF,2,1
113,light-screen,1,14,,30,,0,1,,,36,,11,field-effect,0,none,1,1,1,1,0,0,0,0,0,0,snatch,,,
114,haze,1,15,,30,,0,1,,,26,,10,whole-field-effect,0,none,1,1,1,1,0,0,0,0,0,0,authentic,,,
115,reflect,1,14,,20,,0,1,,,66,,11,field-effect,0,none,1,1,1,1,0,0,0,0,0,0,snatch,,,
116,focus-energy,1,1,,30,,0,1,,,48,,13,gimmick,0,none,1,1,1,1,0,0,0,0,0,0,snatch,,,
117,bide,1,1,,10,,1,2,,,27,,0,damage,0,none,1,1,1,1,0,0,0,0,0,0,contact; protect,,,
118,metronome,1,1,,10,,0,1,,,84,,13,gimmick,0,none,1,1,1,1,0,0,0,0,0,0,,,,
119,mirror-move,1,3,,20,,0,1,,,10,,13,gimmick,0,none,1,1,1,1,0,0,0,0,0,0,,,,
120,self-destruct,1,1,200,5,100,0,2,,,8,,0,damage,0,none,1,1,1,1,0,0,0,0,0,0,protect; mirror,,,
121,egg-bomb,1,1,100,10,75,0,2,,,1,,0,damage,0,none,1,1,1,1,0,0,0,0,0,0,protect; mirror; ballistics,,,
122,lick,1,8,30,30,100,0,2,,,7,30,4,damage+ailment.nonv,1,paralysis,1,1,1,1,0,0,0,30,0,0,contact; protect; mirror,,,
123,smog,1,4,30,20,70,0,3,,,3,40,4,damage+ailment.nonv,5,poison,1,1,1,1,0,0,0,40,0,0,protect; mirror,,,
124,sludge,1,4,65,20,100,0,3,,,3,30,4,damage+ailment.nonv,5,poison,1,1,1,1,0,0,0,30,0,0,protect; mirror,,,
125,bone-club,1,5,65,20,85,0,2,,TRUE,32,10,0,damage,0,none,1,1,1,1,0,0,0,0,10,0,protect; mirror,,,
126,fire-blast,1,10,110,5,85,0,3,,,5,10,4,damage+ailment.nonv,4,burn,1,1,1,1,0,0,0,10,0,0,protect; mirror,,,
127,waterfall,1,11,80,15,100,0,2,,,32,20,0,damage,0,none,1,1,1,1,0,0,0,0,20,0,contact; protect; mirror,,,
128,clamp,1,11,35,15,85,0,2,,,43,100,4,damage+ailment.volatile,8,trap,1,1,5,6,0,0,0,100,0,0,contact; protect; mirror,,,
129,swift,1,1,60,20,,0,3,,,79,,0,damage,0,none,1,1,1,1,0,0,0,0,0,0,protect; mirror,,,
130,skull-bash,1,1,130,10,100,0,2,,,146,100,0,damage,0,none,1,1,1,1,0,0,0,100,0,0,contact; charge; protect; mirror,,,
131,spike-cannon,1,1,20,15,100,0,2,,,30,,0,damage,0,none,2,5,1,1,0,0,0,0,0,0,protect; mirror,,,
132,constrict,1,1,10,35,100,0,2,,,71,10,6,damage+lower,0,none,1,1,1,1,0,0,0,0,0,10,contact; protect; mirror,SPEED,-1,0
133,amnesia,1,14,,20,,0,1,,,55,,2,net-good-stats,0,none,1,1,1,1,0,0,0,0,0,0,snatch,SPDEF,2,1
134,kinesis,1,14,,15,80,0,1,,TRUE,24,,2,net-good-stats,0,none,1,1,1,1,0,0,0,0,0,0,protect; reflectable; mirror,ACC,-1,0
135,soft-boiled,1,1,,10,,0,1,,TRUE,33,,3,heal,0,none,1,1,1,1,0,50,0,0,0,0,snatch; heal,,,
136,high-jump-kick,1,2,130,10,90,0,2,,,46,,0,damage,0,none,1,1,1,1,0,0,0,0,0,0,contact; protect; mirror; gravity,,,
137,glare,1,1,,30,100,0,1,,,68,,1,ailment.nonv,1,paralysis,1,1,1,1,0,0,0,0,0,0,protect; reflectable; mirror,,,
138,dream-eater,1,14,100,15,100,0,3,,,9,,8,damage+heal,0,none,1,1,1,1,50,0,0,0,0,0,protect; mirror; heal,,,
139,poison-gas,1,4,,40,90,0,1,,,67,,1,ailment.nonv,5,poison,1,1,1,1,0,0,0,0,0,0,protect; reflectable; mirror,,,
140,barrage,1,1,15,20,85,0,2,,TRUE,30,,0,damage,0,none,2,5,1,1,0,0,0,0,0,0,protect; mirror; ballistics,,,
141,leech-life,1,7,80,10,100,0,2,,,4,,8,damage+heal,0,none,1,1,1,1,50,0,0,0,0,0,contact; protect; mirror; heal,,,
142,lovely-kiss,1,1,,10,75,0,1,,TRUE,2,,1,ailment.nonv,2,sleep,1,1,2,4,0,0,0,0,0,0,protect; reflectable; mirror,,,
143,sky-attack,1,3,140,5,90,0,2,,,76,30,0,damage,0,none,1,1,1,1,0,0,1,0,30,0,charge; protect; mirror; distance,,,
144,transform,1,1,,10,,0,1,,,58,,13,gimmick,0,none,1,1,1,1,0,0,0,0,0,0,,,,
145,bubble,1,11,40,30,100,0,3,,,71,10,6,damage+lower,0,none,1,1,1,1,0,0,0,0,0,10,protect; mirror,SPEED,-1,0
146,dizzy-punch,1,1,70,10,100,0,2,,,77,20,4,damage+ailment.volatile,6,confusion,1,1,2,5,0,0,0,20,0,0,contact; protect; mirror; punch,,,
147,spore,1,12,,15,100,0,1,,,2,,1,ailment.nonv,2,sleep,1,1,2,4,0,0,0,0,0,0,protect; reflectable; mirror; powder,,,
148,flash,1,1,,20,100,0,1,,,24,,2,net-good-stats,0,none,1,1,1,1,0,0,0,0,0,0,protect; reflectable; mirror,ACC,-1,0
149,psywave,1,14,,15,100,0,3,,,89,,0,damage,0,none,1,1,1,1,0,0,0,0,0,0,protect; mirror,,,
150,splash,1,1,,40,,0,1,,,86,,13,gimmick,0,none,1,1,1,1,0,0,0,0,0,0,gravity,,,
151,acid-armor,1,4,,20,,0,1,,,52,,2,net-good-stats,0,none,1,1,1,1,0,0,0,0,0,0,snatch,DEF,2,1
152,crabhammer,1,11,100,10,90,0,2,,,44,,0,damage,0,none,1,1,1,1,0,0,1,0,0,0,contact; protect; mirror,,,
153,explosion,1,1,250,5,100,0,2,,,8,,0,damage,0,none,1,1,1,1,0,0,0,0,0,0,protect; mirror,,,
154,fury-swipes,1,1,18,15,80,0,2,,,30,,0,damage,0,none,2,5,1,1,0,0,0,0,0,0,contact; protect; mirror,,,
155,bonemerang,1,5,50,10,90,0,2,,TRUE,45,,0,damage,0,none,2,2,1,1,0,0,0,0,0,0,protect; mirror,,,
156,rest,1,14,,10,,0,1,,,38,,13,gimmick,0,none,1,1,1,1,0,0,0,0,0,0,snatch; heal,,,
157,rock-slide,1,6,75,10,90,0,2,,,32,30,0,damage,0,none,1,1,1,1,0,0,0,0,30,0,protect; mirror,,,
158,hyper-fang,1,1,80,15,90,0,2,,,32,10,0,damage,0,none,1,1,1,1,0,0,0,0,10,0,contact; protect; mirror,,,
159,sharpen,1,1,,30,,0,1,,,11,,2,net-good-stats,0,none,1,1,1,1,0,0,0,0,0,0,snatch,ATK,1,1
160,conversion,1,1,,30,,0,1,,TRUE,31,,13,gimmick,0,none,1,1,1,1,0,0,0,0,0,0,snatch,,,
161,tri-attack,1,1,80,10,100,0,3,,,37,20,4,damage+ailment.nonv,-1,unknown,1,1,1,1,0,0,0,20,0,0,protect; mirror,,,
162,super-fang,1,1,,10,90,0,2,,,41,,0,damage,0,none,1,1,1,1,0,0,0,0,0,0,contact; protect; mirror,,,
163,slash,1,1,70,20,100,0,2,,,44,,0,damage,0,none,1,1,1,1,0,0,1,0,0,0,contact; protect; mirror,,,
164,substitute,1,1,,10,,0,1,,,80,,13,protect,0,none,1,1,1,1,0,0,0,0,0,0,snatch; non-sky-battle,,,
165,struggle,1,1,50,1,,0,2,,,255,,0,damage,0,none,1,1,1,1,0,-25,0,0,0,0,contact; protect,,,
166,sketch,2,1,,1,,0,1,,TRUE,96,,13,gimmick,0,none,1,1,1,1,0,0,0,0,0,0,authentic,,,
167,triple-kick,2,2,10,10,90,0,2,,,105,,0,damage,0,none,3,3,1,1,0,0,0,0,0,0,contact; protect; mirror,,,
168,thief,2,17,60,25,100,0,2,,,106,,0,damage,0,none,1,1,1,1,0,0,0,0,0,0,contact; protect; mirror,,,
169,spider-web,2,7,,10,,0,1,,,107,,13,ailment,8,trap,1,1,1,1,0,0,0,0,0,0,protect; reflectable; mirror,,,
170,mind-reader,2,1,,5,,0,1,,,95,,13,gimmick,0,none,1,1,1,1,0,0,0,0,0,0,protect; mirror,,,
171,nightmare,2,8,,15,100,0,1,,,108,,1,ailment.volatile,9,nightmare,1,1,1,1,0,0,0,0,0,0,protect; mirror,,,
172,flame-wheel,2,10,60,25,100,0,2,,,126,10,4,damage+ailment.nonv,4,burn,1,1,1,1,0,0,0,10,0,0,contact; protect; mirror; defrost,,,
173,snore,2,1,50,15,100,0,3,,,93,30,0,damage,0,none,1,1,1,1,0,0,0,0,30,0,protect; mirror; sound; authentic,,,
174,curse,2,8,,10,,0,1,,,110,,13,net-good-stats,0,none,1,1,1,1,0,0,0,0,0,0,authentic,,,
175,flail,2,1,,15,100,0,2,,,100,,0,damage,0,none,1,1,1,1,0,0,0,0,0,0,contact; protect; mirror,,,
176,conversion-2,2,1,,30,,0,1,,TRUE,94,,13,gimmick,0,none,1,1,1,1,0,0,0,0,0,0,authentic,,,
177,aeroblast,2,3,100,5,95,0,3,,TRUE,44,,0,damage,0,none,1,1,1,1,0,0,1,0,0,0,protect; mirror; distance,,,
178,cotton-spore,2,12,,40,100,0,1,,,61,,2,net-good-stats,0,none,1,1,1,1,0,0,0,0,0,0,protect; reflectable; mirror; powder,SPEED,-2,0
179,reversal,2,2,,15,100,0,2,,,100,,0,damage,0,none,1,1,1,1,0,0,0,0,0,0,contact; protect; mirror,,,
180,spite,2,8,,10,100,0,1,,,101,,13,gimmick,0,none,1,1,1,1,0,0,0,0,0,0,protect; reflectable; mirror; authentic,,,
181,powder-snow,2,15,40,25,100,0,3,,,6,10,4,damage+ailment.nonv,3,freeze,1,1,1,1,0,0,0,10,0,0,protect; mirror,,,
182,protect,2,1,,10,,4,1,,,112,,13,protect,0,none,1,1,1,1,0,0,0,0,0,0,,,,
183,mach-punch,2,2,40,30,100,1,2,,,104,,0,damage,0,none,1,1,1,1,0,0,0,0,0,0,contact; protect; mirror; punch,,,
184,scary-face,2,1,,10,100,0,1,,,61,,2,net-good-stats,0,none,1,1,1,1,0,0,0,0,0,0,protect; reflectable; mirror,SPEED,-2,0
185,feint-attack,2,17,60,20,,0,2,,,79,,0,damage,0,none,1,1,1,1,0,0,0,0,0,0,contact; protect; mirror,,,
186,sweet-kiss,2,18,,10,75,0,1,,,50,,1,ailment.volatile,6,confusion,1,1,2,5,0,0,0,0,0,0,protect; reflectable; mirror,,,
187,belly-drum,2,1,,10,,0,1,,,143,,13,net-good-stats,0,none,1,1,1,1,0,0,0,0,0,0,snatch,ATK,6,1
188,sludge-bomb,2,4,90,10,100,0,3,,,3,30,4,damage+ailment.nonv,5,poison,1,1,1,1,0,0,0,30,0,0,protect; mirror; ballistics,,,
189,mud-slap,2,5,20,10,100,0,3,,,74,100,6,damage+lower,0,none,1,1,1,1,0,0,0,0,0,100,protect; mirror,ACC,-1,0
190,octazooka,2,11,65,10,85,0,3,,TRUE,74,50,6,damage+lower,0,none,1,1,1,1,0,0,0,0,0,50,protect; mirror; ballistics,ACC,-1,0
191,spikes,2,5,,20,,0,1,,,113,,11,hazzard,0,none,1,1,1,1,0,0,0,0,0,0,reflectable; non-sky-battle,,,
192,zap-cannon,2,13,120,5,50,0,3,,,7,100,4,damage+ailment.nonv,1,paralysis,1,1,1,1,0,0,0,100,0,0,protect; mirror,,,
193,foresight,2,1,,40,,0,1,,,114,,1,ailment.volatile,17,no-type-immunity,1,1,1,1,0,0,0,0,0,0,protect; reflectable; mirror; authentic,,,
194,destiny-bond,2,8,,5,,0,1,,,99,,13,gimmick,0,none,1,1,1,1,0,0,0,0,0,0,authentic,,,
195,perish-song,2,1,,5,,0,1,,,115,,1,ailment.volatile,20,perish-song,1,1,4,4,0,0,0,0,0,0,sound; distance; authentic,,,
196,icy-wind,2,15,55,15,95,0,3,,,71,100,6,damage+lower,0,none,1,1,1,1,0,0,0,0,0,100,protect; mirror,SPEED,-1,0
197,detect,2,2,,5,,4,1,,,112,,13,protect,0,none,1,1,1,1,0,0,0,0,0,0,,,,
198,bone-rush,2,5,25,10,90,0,2,,,30,,0,damage,0,none,2,5,1,1,0,0,0,0,0,0,protect; mirror,,,
199,lock-on,2,1,,5,,0,1,,,95,,13,gimmick,0,none,1,1,1,1,0,0,0,0,0,0,protect; mirror,,,
200,outrage,2,16,120,10,100,0,2,,,28,,0,damage,0,none,1,1,1,1,0,0,0,0,0,0,contact; protect; mirror,,,
201,sandstorm,2,6,,10,,0,1,,,116,,10,whole-field-effect,0,none,1,1,1,1,0,0,0,0,0,0,,,,
202,giga-drain,2,12,75,10,100,0,3,,,4,,8,damage+heal,0,none,1,1,1,1,50,0,0,0,0,0,protect; mirror; heal,,,
203,endure,2,1,,10,,4,1,,,117,,13,protect,0,none,1,1,1,1,0,0,0,0,0,0,,,,
204,charm,2,18,,20,100,0,1,,,59,,2,net-good-stats,0,none,1,1,1,1,0,0,0,0,0,0,protect; reflectable; mirror,ATK,-2,0
205,rollout,2,6,30,20,90,0,2,,,118,,0,damage,0,none,1,1,1,1,0,0,0,0,0,0,contact; protect; mirror,,,
206,false-swipe,2,1,40,40,100,0,2,,,102,,0,damage,0,none,1,1,1,1,0,0,0,0,0,0,contact; protect; mirror,,,
207,swagger,2,1,,15,85,0,1,,,119,,5,ailment.volatile,6,confusion,1,1,2,5,0,0,0,0,0,0,protect; reflectable; mirror,ATK,2,0
208,milk-drink,2,1,,10,,0,1,,,33,,3,heal,0,none,1,1,1,1,0,50,0,0,0,0,snatch; heal,,,
209,spark,2,13,65,20,100,0,2,,,7,30,4,damage+ailment.nonv,1,paralysis,1,1,1,1,0,0,0,30,0,0,contact; protect; mirror,,,
210,fury-cutter,2,7,40,20,95,0,2,,,120,,0,damage,0,none,1,1,1,1,0,0,0,0,0,0,contact; protect; mirror,,,
211,steel-wing,2,9,70,25,90,0,2,,,139,10,7,damage+raise,0,none,1,1,1,1,0,0,0,0,0,10,contact; protect; mirror,DEF,1,1
212,mean-look,2,1,,5,,0,1,,,107,,13,ailment.volatile,8,trap,1,1,1,1,0,0,0,0,0,0,reflectable; mirror,,,
213,attract,2,1,,15,100,0,1,,,121,,1,ailment.volatile,7,infatuation,1,1,1,1,0,0,0,0,0,0,protect; reflectable; mirror; authentic; mental,,,
214,sleep-talk,2,1,,10,,0,1,,,98,,13,gimmick,0,none,1,1,1,1,0,0,0,0,0,0,,,,
215,heal-bell,2,1,,5,,0,1,,,103,,3,heal,0,none,1,1,1,1,0,0,0,0,0,0,snatch; sound; distance; authentic,,,
216,return,2,1,102,20,100,0,2,,,122,,0,damage,0,none,1,1,1,1,0,0,0,0,0,0,contact; protect; mirror,,,
217,present,2,1,,15,90,0,2,,TRUE,123,,0,damage,0,none,1,1,1,1,0,0,0,0,0,0,protect; mirror,,,
218,frustration,2,1,102,20,100,0,2,,,124,,0,damage,0,none,1,1,1,1,0,0,0,0,0,0,contact; protect; mirror,,,
219,safeguard,2,1,,25,,0,1,,,125,,11,field-effect,0,none,1,1,1,1,0,0,0,0,0,0,snatch,,,
220,pain-split,2,1,,20,,0,1,,,92,,3,heal,0,none,1,1,1,1,0,0,0,0,0,0,protect; mirror,,,
221,sacred-fire,2,10,100,5,95,0,2,,,126,50,4,damage+ailment.nonv,4,burn,1,1,1,1,0,0,0,50,0,0,protect; mirror; defrost,,,
222,magnitude,2,5,71,30,100,0,2,,,127,,0,damage,0,none,1,1,1,1,0,0,0,0,0,0,protect; mirror; non-sky-battle,,,
223,dynamic-punch,2,2,100,5,50,0,2,,,77,100,4,damage+ailment.volatile,6,confusion,1,1,2,5,0,0,0,100,0,0,contact; protect; mirror; punch,,,
224,megahorn,2,7,120,10,85,0,2,,,1,,0,damage,0,none,1,1,1,1,0,0,0,0,0,0,contact; protect; mirror,,,
225,dragon-breath,2,16,60,20,100,0,3,,,7,30,4,damage+ailment.nonv,1,paralysis,1,1,1,1,0,0,0,30,0,0,protect; mirror,,,
226,baton-pass,2,1,,40,,0,1,,,128,,13,gimmick,0,none,1,1,1,1,0,0,0,0,0,0,,,,
227,encore,2,1,,5,100,0,1,,,91,,13,gimmick,0,none,1,1,1,1,0,0,0,0,0,0,protect; reflectable; mirror; authentic; mental,,,
228,pursuit,2,17,40,20,100,0,2,,,129,,0,damage,0,none,1,1,1,1,0,0,0,0,0,0,contact; protect; mirror,,,
229,rapid-spin,2,1,20,40,100,0,2,,,130,,0,damage,0,none,1,1,1,1,0,0,0,0,0,0,contact; protect; mirror,,,
230,sweet-scent,2,1,,20,100,0,1,,,25,,2,net-good-stats,0,none,1,1,1,1,0,0,0,0,0,0,protect; reflectable; mirror,EVA,-2,0
231,iron-tail,2,9,100,15,75,0,2,,,70,30,6,damage+lower,0,none,1,1,1,1,0,0,0,0,0,30,contact; protect; mirror,DEF,-1,0
232,metal-claw,2,9,50,35,95,0,2,,,140,10,7,damage+raise,0,none,1,1,1,1,0,0,0,0,0,10,contact; protect; mirror,ATK,1,1
233,vital-throw,2,2,70,10,,-1,2,,,79,,0,damage,0,none,1,1,1,1,0,0,0,0,0,0,contact; protect; mirror,,,
234,morning-sun,2,1,,5,,0,1,,,133,,3,heal,0,none,1,1,1,1,0,50,0,0,0,0,snatch; heal,,,
235,synthesis,2,12,,5,,0,1,,,133,,3,heal,0,none,1,1,1,1,0,50,0,0,0,0,snatch; heal,,,
236,moonlight,2,18,,5,,0,1,,,133,,3,heal,0,none,1,1,1,1,0,50,0,0,0,0,snatch; heal,,,
237,hidden-power,2,1,60,15,100,0,3,,,136,,0,damage,0,none,1,1,1,1,0,0,0,0,0,0,protect; mirror,,,
238,cross-chop,2,2,100,5,80,0,2,,,44,,0,damage,0,none,1,1,1,1,0,0,1,0,0,0,contact; protect; mirror,,,
239,twister,2,16,40,20,100,0,3,,,147,20,0,damage,0,none,1,1,1,1,0,0,0,0,20,0,protect; mirror,,,
240,rain-dance,2,11,,5,,0,1,,,137,,10,whole-field-effect,0,none,1,1,1,1,0,0,0,0,0,0,,,,
241,sunny-day,2,10,,5,,0,1,,,138,,10,whole-field-effect,0,none,1,1,1,1,0,0,0,0,0,0,,,,
242,crunch,2,17,80,15,100,0,2,,,70,20,6,damage+lower,0,none,1,1,1,1,0,0,0,0,0,20,contact; protect; mirror; bite,DEF,-1,0
243,mirror-coat,2,14,,20,100,-5,3,,,145,,0,damage,0,none,1,1,1,1,0,0,0,0,0,0,protect,,,
244,psych-up,2,1,,10,,0,1,,,144,,13,gimmick,0,none,1,1,1,1,0,0,0,0,0,0,authentic,,,
245,extreme-speed,2,1,80,5,100,2,2,,,104,,0,damage,0,none,1,1,1,1,0,0,0,0,0,0,contact; protect; mirror,,,
246,ancient-power,2,6,60,5,100,0,3,,,141,10,7,damage+raise,0,none,1,1,1,1,0,0,0,0,0,10,protect; mirror,ALL; ATK; DEF; SPATK; SPDEF; SPEED,1; 1; 1; 1; 1; 1,1
247,shadow-ball,2,8,80,15,100,0,3,,,73,20,6,damage+lower,0,none,1,1,1,1,0,0,0,0,0,20,protect; mirror; ballistics,SPDEF,-1,0
248,future-sight,2,14,120,10,100,0,3,,,149,,13,gimmick,0,none,1,1,1,1,0,0,0,0,0,0,,,,
249,rock-smash,2,2,40,15,100,0,2,,,70,50,6,damage+lower,0,none,1,1,1,1,0,0,0,0,0,50,contact; protect; mirror,DEF,-1,0
250,whirlpool,2,11,35,15,85,0,3,,,262,100,4,damage+ailment.volatile,8,trap,1,1,5,6,0,0,0,100,0,0,protect; mirror; mental,,,
251,beat-up,2,17,,10,100,0,2,,,155,,0,damage,0,none,6,6,1,1,0,0,0,0,0,0,protect; mirror,,,
252,fake-out,3,1,40,10,100,3,2,,,159,100,0,damage,0,none,1,1,1,1,0,0,0,0,100,0,contact; protect; mirror,,,
253,uproar,3,1,90,10,100,0,3,,,160,,0,damage,0,none,1,1,1,1,0,0,0,0,0,0,protect; mirror; sound; authentic,,,
254,stockpile,3,1,,20,,0,1,,,161,,13,gimmick,0,none,1,1,1,1,0,0,0,0,0,0,snatch,,,
255,spit-up,3,1,,10,100,0,3,,,162,,0,gimmick,0,none,1,1,1,1,0,0,0,0,0,0,protect,,,
256,swallow,3,1,,10,,0,1,,,163,,3,gimmick,0,none,1,1,1,1,0,25,0,0,0,0,snatch; heal,,,
257,heat-wave,3,10,95,10,90,0,3,,,5,10,4,damage+ailment.nonv,4,burn,1,1,1,1,0,0,0,10,0,0,protect; mirror,,,
258,hail,3,15,,10,,0,1,,,165,,10,whole-field-effect,0,none,1,1,1,1,0,0,0,0,0,0,,,,
259,torment,3,17,,15,100,0,1,,,166,,1,ailment.volatile,12,torment,1,1,1,1,0,0,0,0,0,0,protect; reflectable; mirror; authentic; mental,,,
260,flatter,3,17,,15,100,0,1,,,167,,5,ailment.volatile,6,confusion,1,1,2,5,0,0,0,0,0,0,protect; reflectable; mirror,SPATK,1,0
261,will-o-wisp,3,10,,15,85,0,1,,,168,,1,ailment.nonv,4,burn,1,1,1,1,0,0,0,0,0,0,protect; reflectable; mirror,,,
262,memento,3,17,,10,100,0,1,,,169,,13,gimmick,0,none,1,1,1,1,0,0,0,0,0,0,protect; mirror,,,
263,facade,3,1,70,20,100,0,2,,,170,,0,damage,0,none,1,1,1,1,0,0,0,0,0,0,contact; protect; mirror,,,
264,focus-punch,3,2,150,20,100,-3,2,,,171,,0,damage,0,none,1,1,1,1,0,0,0,0,0,0,contact; protect; punch,,,
265,smelling-salts,3,1,70,10,100,0,2,,TRUE,172,,0,damage,0,none,1,1,1,1,0,0,0,0,0,0,contact; protect; mirror,,,
266,follow-me,3,1,,20,,2,1,,,173,,13,gimmick,0,none,1,1,1,1,0,0,0,0,0,0,,,,
267,nature-power,3,1,,20,,0,1,,,174,,13,gimmick,0,none,1,1,1,1,0,0,0,0,0,0,,,,
268,charge,3,13,,20,,0,1,,,175,,2,net-good-stats,0,none,1,1,1,1,0,0,0,0,0,0,snatch,SPDEF,1,1
269,taunt,3,17,,20,100,0,1,,,176,,13,unique,0,none,1,1,1,1,0,0,0,0,0,0,protect; reflectable; mirror; authentic; mental,,,
270,helping-hand,3,1,,20,,5,1,,,177,,13,gimmick,0,none,1,1,1,1,0,0,0,0,0,0,authentic,,,
271,trick,3,14,,10,100,0,1,,,178,,13,gimmick,0,none,1,1,1,1,0,0,0,0,0,0,protect; mirror,,,
272,role-play,3,14,,10,,0,1,,,179,,13,gimmick,0,none,1,1,1,1,0,0,0,0,0,0,authentic,,,
273,wish,3,1,,10,,0,1,,,180,,3,heal,0,none,1,1,1,1,0,50,0,0,0,0,snatch; heal,,,
274,assist,3,1,,20,,0,1,,,181,,13,gimmick,0,none,1,1,1,1,0,0,0,0,0,0,,,,
275,ingrain,3,12,,20,,0,1,,,182,,1,ailment.volatile,21,ingrain,1,1,1,1,0,0,0,0,0,0,snatch; non-sky-battle,,,
276,superpower,3,2,120,5,100,0,2,,,183,100,7,damage+raise,0,none,1,1,1,1,0,0,0,0,0,100,contact; protect; mirror,ATK; DEF,-1; -1,1
277,magic-coat,3,14,,15,,4,1,,,184,,13,gimmick,0,none,1,1,1,1,0,0,0,0,0,0,,,,
278,recycle,3,1,,10,,0,1,,,185,,13,gimmick,0,none,1,1,1,1,0,0,0,0,0,0,snatch,,,
279,revenge,3,2,60,10,100,-4,2,,,186,,0,damage,0,none,1,1,1,1,0,0,0,0,0,0,contact; protect; mirror,,,
280,brick-break,3,2,75,15,100,0,2,,,187,,0,damage,0,none,1,1,1,1,0,0,0,0,0,0,contact; protect; mirror,,,
281,yawn,3,1,,10,,0,1,,,188,,1,ailment.volatile,14,yawn,1,1,2,2,0,0,0,0,0,0,protect; reflectable; mirror,,,
282,knock-off,3,17,65,20,100,0,2,,,189,,0,damage,0,none,1,1,1,1,0,0,0,0,0,0,contact; protect; mirror,,,
283,endeavor,3,1,,5,100,0,2,,,190,,0,damage,0,none,1,1,1,1,0,0,0,0,0,0,contact; protect; mirror,,,
284,eruption,3,10,150,5,100,0,3,,,191,,0,damage,0,none,1,1,1,1,0,0,0,0,0,0,protect; mirror,,,
285,skill-swap,3,14,,10,,0,1,,,192,,13,gimmick,0,none,1,1,1,1,0,0,0,0,0,0,protect; mirror; authentic,,,
286,imprison,3,14,,10,,0,1,,,193,,13,gimmick,0,none,1,1,1,1,0,0,0,0,0,0,snatch; authentic,,,
287,refresh,3,1,,20,,0,1,,,194,,13,gimmick,0,none,1,1,1,1,0,0,0,0,0,0,snatch,,,
288,grudge,3,8,,5,,0,1,,,195,,13,gimmick,0,none,1,1,1,1,0,0,0,0,0,0,authentic,,,
289,snatch,3,17,,10,,4,1,,,196,,13,gimmick,0,none,1,1,1,1,0,0,0,0,0,0,authentic,,,
290,secret-power,3,1,70,20,100,0,2,,TRUE,198,30,0,damage,0,none,1,1,1,1,0,0,0,30,0,0,protect; mirror,,,
291,dive,3,11,80,10,100,0,2,,,256,,0,damage,0,none,1,1,1,1,0,0,0,0,0,0,contact; charge; protect; mirror; non-sky-battle,,,
292,arm-thrust,3,2,15,20,100,0,2,,,30,,0,damage,0,none,2,5,1,1,0,0,0,0,0,0,contact; protect; mirror,,,
293,camouflage,3,1,,20,,0,1,,,214,,13,gimmick,0,none,1,1,1,1,0,0,0,0,0,0,snatch,,,
294,tail-glow,3,7,,20,,0,1,,,322,,2,net-good-stats,0,none,1,1,1,1,0,0,0,0,0,0,snatch,SPATK,3,1
295,luster-purge,3,14,70,5,100,0,3,,TRUE,73,50,6,damage+lower,0,none,1,1,1,1,0,0,0,0,0,50,protect; mirror,SPDEF,-1,0
296,mist-ball,3,14,70,5,100,0,3,,TRUE,72,50,6,damage+lower,0,none,1,1,1,1,0,0,0,0,0,50,protect; mirror,SPATK,-1,0
297,feather-dance,3,3,,15,100,0,1,,,59,,2,net-good-stats,0,none,1,1,1,1,0,0,0,0,0,0,protect; reflectable; mirror; dance,ATK,-2,0
298,teeter-dance,3,1,,20,100,0,1,,,200,,1,ailment.volatile,6,confusion,1,1,2,5,0,0,0,0,0,0,protect; mirror; dance,,,
299,blaze-kick,3,10,85,10,90,0,2,,,201,10,4,damage+ailment.nonv,4,burn,1,1,1,1,0,0,1,10,0,0,contact; protect; mirror,,,
300,mud-sport,3,5,,15,,0,1,,,202,,10,whole-field-effect,0,none,1,1,1,1,0,0,0,0,0,0,non-sky-battle,,,
301,ice-ball,3,15,30,20,90,0,2,,,118,,0,damage,0,none,1,1,1,1,0,0,0,0,0,0,contact; protect; mirror; ballistics,,,
302,needle-arm,3,12,60,15,100,0,2,,,32,30,0,damage,0,none,1,1,1,1,0,0,0,0,30,0,contact; protect; mirror,,,
303,slack-off,3,1,,10,,0,1,,,33,,3,heal,0,none,1,1,1,1,0,50,0,0,0,0,snatch; heal,,,
304,hyper-voice,3,1,90,10,100,0,3,,,1,,0,damage,0,none,1,1,1,1,0,0,0,0,0,0,protect; mirror; sound; authentic,,,
305,poison-fang,3,4,50,15,100,0,2,,,203,50,4,damage+ailment.nonv,5,poison,1,1,15,15,0,0,0,50,0,0,contact; protect; mirror; bite,,,
306,crush-claw,3,1,75,10,95,0,2,,,70,50,6,damage+lower,0,none,1,1,1,1,0,0,0,0,0,50,contact; protect; mirror,DEF,-1,0
307,blast-burn,3,10,150,5,90,0,3,,,81,,0,damage,0,none,1,1,1,1,0,0,0,0,0,0,recharge; protect; mirror,,,
308,hydro-cannon,3,11,150,5,90,0,3,,,81,,0,damage,0,none,1,1,1,1,0,0,0,0,0,0,recharge; protect; mirror,,,
309,meteor-mash,3,9,90,10,90,0,2,,,140,20,7,damage+raise,0,none,1,1,1,1,0,0,0,0,0,20,contact; protect; mirror; punch,ATK,1,1
310,astonish,3,8,30,15,100,0,2,,,32,30,0,damage,0,none,1,1,1,1,0,0,0,0,30,0,contact; protect; mirror,,,
311,weather-ball,3,1,50,10,100,0,3,,,204,,0,damage,0,none,1,1,1,1,0,0,0,0,0,0,protect; mirror; ballistics,,,
312,aromatherapy,3,12,,5,,0,1,,,103,,13,gimmick,0,none,1,1,1,1,0,0,0,0,0,0,snatch; distance,,,
313,fake-tears,3,17,,20,100,0,1,,,63,,2,net-good-stats,0,none,1,1,1,1,0,0,0,0,0,0,protect; reflectable; mirror,SPDEF,-2,0
314,air-cutter,3,3,60,25,95,0,3,,,44,,0,damage,0,none,1,1,1,1,0,0,1,0,0,0,protect; mirror,,,
315,overheat,3,10,130,5,90,0,3,,,205,100,7,damage+raise,0,none,1,1,1,1,0,0,0,0,0,100,protect; mirror,SPATK,-2,1
316,odor-sleuth,3,1,,40,,0,1,,,114,,1,ailment.volatile,17,no-type-immunity,1,1,1,1,0,0,0,0,0,0,protect; reflectable; mirror; authentic,,,
317,rock-tomb,3,6,60,15,95,0,2,,,71,100,6,damage+lower,0,none,1,1,1,1,0,0,0,0,0,100,protect; mirror,SPEED,-1,0
318,silver-wind,3,7,60,5,100,0,3,,,141,10,7,damage+raise,0,none,1,1,1,1,0,0,0,0,0,10,protect; mirror,ALL; ATK; DEF; SPATK; SPDEF; SPEED,1; 1; 1; 1; 1; 1,1
319,metal-sound,3,9,,40,85,0,1,,,63,,2,net-good-stats,0,none,1,1,1,1,0,0,0,0,0,0,protect; reflectable; mirror; sound; authentic,SPDEF,-2,0
320,grass-whistle,3,12,,15,55,0,1,,,2,,1,ailment.nonv,2,sleep,1,1,2,4,0,0,0,0,0,0,protect; reflectable; mirror; sound; authentic,,,
321,tickle,3,1,,20,100,0,1,,,206,,2,net-good-stats,0,none,1,1,1,1,0,0,0,0,0,0,protect; reflectable; mirror,ATK; DEF,-1; -1,0
322,cosmic-power,3,14,,20,,0,1,,,207,,2,net-good-stats,0,none,1,1,1,1,0,0,0,0,0,0,snatch,DEF; SPDEF,1; 1,1
323,water-spout,3,11,150,5,100,0,3,,,191,,0,damage,0,none,1,1,1,1,0,0,0,0,0,0,protect; mirror,,,
324,signal-beam,3,7,75,15,100,0,3,,,77,10,4,damage+ailment.volatile,6,confusion,1,1,2,5,0,0,0,10,0,0,protect; mirror,,,
325,shadow-punch,3,8,60,20,,0,2,,,79,,0,damage,0,none,1,1,1,1,0,0,0,0,0,0,contact; protect; mirror; punch,,,
326,extrasensory,3,14,80,20,100,0,3,,,32,10,0,damage,0,none,1,1,1,1,0,0,0,0,10,0,protect; mirror,,,
327,sky-uppercut,3,2,85,15,90,0,2,,,208,,0,damage,0,none,1,1,1,1,0,0,0,0,0,0,contact; protect; mirror; punch,,,
328,sand-tomb,3,5,35,15,85,0,2,,,43,100,4,damage+ailment.volatile,8,trap,1,1,5,6,0,0,0,100,0,0,protect; mirror,,,
329,sheer-cold,3,15,,5,30,0,3,,,39,,9,ohko,0,none,1,1,1,1,0,0,0,0,0,0,protect; mirror,,,
330,muddy-water,3,11,90,10,85,0,3,,,74,30,6,damage+lower,0,none,1,1,1,1,0,0,0,0,0,30,protect; mirror; non-sky-battle,ACC,-1,0
331,bullet-seed,3,12,25,30,100,0,2,,,30,,0,damage,0,none,2,5,1,1,0,0,0,0,0,0,protect; mirror; ballistics,,,
332,aerial-ace,3,3,60,20,,0,2,,,79,,0,damage,0,none,1,1,1,1,0,0,0,0,0,0,contact; protect; mirror; distance,,,
333,icicle-spear,3,15,25,30,100,0,2,,,30,,0,damage,0,none,2,5,1,1,0,0,0,0,0,0,protect; mirror,,,
334,iron-defense,3,9,,15,,0,1,,,52,,2,net-good-stats,0,none,1,1,1,1,0,0,0,0,0,0,snatch,DEF,2,1
335,block,3,1,,5,,0,1,,,107,,13,ailment.volatile,8,trap,1,1,1,1,0,0,0,0,0,0,reflectable; mirror,,,
336,howl,3,1,,40,,0,1,,,11,,2,net-good-stats,0,none,1,1,1,1,0,0,0,0,0,0,snatch,ATK,1,1
337,dragon-claw,3,16,80,15,100,0,2,,,1,,0,damage,0,none,1,1,1,1,0,0,0,0,0,0,contact; protect; mirror,,,
338,frenzy-plant,3,12,150,5,90,0,3,,,81,,0,damage,0,none,1,1,1,1,0,0,0,0,0,0,recharge; protect; mirror; non-sky-battle,,,
339,bulk-up,3,2,,20,,0,1,,,209,,2,net-good-stats,0,none,1,1,1,1,0,0,0,0,0,0,snatch,ATK; DEF,1; 1,1
340,bounce,3,3,85,5,85,0,2,,,264,30,4,damage+ailment.nonv,1,paralysis,1,1,1,1,0,0,0,30,0,0,contact; charge; protect; mirror; gravity; distance,,,
341,mud-shot,3,5,55,15,95,0,3,,,71,100,6,damage+lower,0,none,1,1,1,1,0,0,0,0,0,100,protect; mirror,SPEED,-1,0
342,poison-tail,3,4,50,25,100,0,2,,,210,10,4,damage+ailment.nonv,5,poison,1,1,1,1,0,0,1,10,0,0,contact; protect; mirror,,,
343,covet,3,1,60,25,100,0,2,,,106,,0,damage,0,none,1,1,1,1,0,0,0,0,0,0,contact; protect; mirror,,,
344,volt-tackle,3,13,120,15,100,0,2,,TRUE,263,10,4,damage+ailment.nonv,1,paralysis,1,1,1,1,-33,0,0,10,0,0,contact; protect; mirror,,,
345,magical-leaf,3,12,60,20,,0,3,,,79,,0,damage,0,none,1,1,1,1,0,0,0,0,0,0,protect; mirror,,,
346,water-sport,3,11,,15,,0,1,,,211,,10,whole-field-effect,0,none,1,1,1,1,0,0,0,0,0,0,non-sky-battle,,,
347,calm-mind,3,14,,20,,0,1,,,212,,2,net-good-stats,0,none,1,1,1,1,0,0,0,0,0,0,snatch,SPATK; SPDEF,1; 1,1
348,leaf-blade,3,12,90,15,100,0,2,,,44,,0,damage,0,none,1,1,1,1,0,0,1,0,0,0,contact; protect; mirror,,,
349,dragon-dance,3,16,,20,,0,1,,,213,,2,net-good-stats,0,none,1,1,1,1,0,0,0,0,0,0,snatch; dance,ATK; SPEED,1; 1,1
350,rock-blast,3,6,25,10,90,0,2,,,30,,0,damage,0,none,2,5,1,1,0,0,0,0,0,0,protect; mirror,,,
351,shock-wave,3,13,60,20,,0,3,,,79,,0,damage,0,none,1,1,1,1,0,0,0,0,0,0,protect; mirror,,,
352,water-pulse,3,11,60,20,100,0,3,,,77,20,4,damage+ailment.volatile,6,confusion,1,1,2,5,0,0,0,20,0,0,protect; mirror; distance; pulse,,,
353,doom-desire,3,9,140,5,100,0,3,,TRUE,149,,13,gimmick,0,none,1,1,1,1,0,0,0,0,0,0,,,,
354,psycho-boost,3,14,140,5,90,0,3,,TRUE,205,100,7,damage+raise,0,none,1,1,1,1,0,0,0,0,0,100,protect; mirror,SPATK,-2,1
355,roost,4,3,,10,,0,1,,,215,,3,heal,0,none,1,1,1,1,0,50,0,0,0,0,snatch; heal,,,
356,gravity,4,14,,5,,0,1,,,216,,10,whole-field-effect,0,none,1,1,1,1,0,0,0,0,0,0,non-sky-battle,,,
357,miracle-eye,4,14,,40,,0,1,,,217,,1,ailment.volatile,17,no-type-immunity,1,1,1,1,0,0,0,0,0,0,protect; reflectable; mirror; authentic,,,
358,wake-up-slap,4,2,70,10,100,0,2,,,218,,0,damage,0,none,1,1,1,1,0,0,0,0,0,0,contact; protect; mirror,,,
359,hammer-arm,4,2,100,10,90,0,2,,,219,100,7,damage+raise,0,none,1,1,1,1,0,0,0,0,0,100,contact; protect; mirror; punch,SPEED,-1,1
360,gyro-ball,4,9,,5,100,0,2,,,220,,0,damage,0,none,1,1,1,1,0,0,0,0,0,0,contact; protect; mirror; ballistics,,,
361,healing-wish,4,14,,10,,0,1,,,221,,13,gimmick,0,none,1,1,1,1,0,0,0,0,0,0,snatch; heal,,,
362,brine,4,11,65,10,100,0,3,,,222,,0,damage,0,none,1,1,1,1,0,0,0,0,0,0,protect; mirror,,,
363,natural-gift,4,1,,15,100,0,2,,,223,,0,damage,0,none,1,1,1,1,0,0,0,0,0,0,protect; mirror,,,
364,feint,4,1,30,10,100,2,2,,,224,,0,damage,0,none,1,1,1,1,0,0,0,0,0,0,mirror,,,
365,pluck,4,3,60,20,100,0,2,,,225,,0,damage,0,none,1,1,1,1,0,0,0,0,0,0,contact; protect; mirror; distance,,,
366,tailwind,4,3,,15,,0,1,,,226,,11,field-effect,0,none,1,1,1,1,0,0,0,0,0,0,snatch,,,
367,acupressure,4,1,,30,,0,1,,,227,,13,gimmick,0,none,1,1,1,1,0,0,0,0,0,0,,,,
368,metal-burst,4,9,,10,100,0,2,,,228,,0,damage,0,none,1,1,1,1,0,0,0,0,0,0,protect; mirror,,,
369,u-turn,4,7,70,20,100,0,2,,,229,,0,damage,0,none,1,1,1,1,0,0,0,0,0,0,contact; protect; mirror,,,
370,close-combat,4,2,120,5,100,0,2,,,230,100,7,damage+raise,0,none,1,1,1,1,0,0,0,0,0,100,contact; protect; mirror,DEF; SPDEF,-1; -1,1
371,payback,4,17,50,10,100,0,2,,,231,,0,damage,0,none,1,1,1,1,0,0,0,0,0,0,contact; protect; mirror,,,
372,assurance,4,17,60,10,100,0,2,,,232,,0,damage,0,none,1,1,1,1,0,0,0,0,0,0,contact; protect; mirror,,,
373,embargo,4,17,,15,100,0,1,,,233,,1,ailment.volatile,19,embargo,1,1,5,5,0,0,0,0,0,0,protect; reflectable; mirror,,,
374,fling,4,17,,10,100,0,2,,,234,,0,damage,0,none,1,1,1,1,0,0,0,0,0,0,protect; mirror,,,
375,psycho-shift,4,14,,10,100,0,1,,,235,,13,gimmick,0,none,1,1,1,1,0,0,0,0,0,0,protect; mirror,,,
376,trump-card,4,1,,5,,0,3,,,236,,0,damage,0,none,1,1,1,1,0,0,0,0,0,0,contact; protect; mirror,,,
377,heal-block,4,14,,15,100,0,1,,,237,,1,ailment.volatile,15,heal-block,1,1,5,5,0,0,0,0,0,0,protect; reflectable; mirror,,,
378,wring-out,4,1,,5,100,0,3,,,238,,0,damage,0,none,1,1,1,1,0,0,0,0,0,0,contact; protect; mirror,,,
379,power-trick,4,14,,10,,0,1,,,239,,13,gimmick,0,none,1,1,1,1,0,0,0,0,0,0,snatch,,,
380,gastro-acid,4,4,,10,100,0,1,,,240,,13,gimmick,0,none,1,1,1,1,0,0,0,0,0,0,protect; reflectable; mirror,,,
381,lucky-chant,4,1,,30,,0,1,,,241,,11,field-effect,0,none,1,1,1,1,0,0,0,0,0,0,snatch,,,
382,me-first,4,1,,20,,0,1,,,242,,0,damage,0,none,1,1,1,1,0,0,0,0,0,0,protect; authentic,,,
383,copycat,4,1,,20,,0,1,,,243,,13,gimmick,0,none,1,1,1,1,0,0,0,0,0,0,,,,
384,power-swap,4,14,,10,,0,1,,,244,,13,gimmick,0,none,1,1,1,1,0,0,0,0,0,0,protect; mirror; authentic,,,
385,guard-swap,4,14,,10,,0,1,,,245,,13,gimmick,0,none,1,1,1,1,0,0,0,0,0,0,protect; mirror; authentic,,,
386,punishment,4,17,,5,100,0,2,,,246,,0,damage,0,none,1,1,1,1,0,0,0,0,0,0,contact; protect; mirror,,,
387,last-resort,4,1,140,5,100,0,2,,,247,,0,damage,0,none,1,1,1,1,0,0,0,0,0,0,contact; protect; mirror,,,
388,worry-seed,4,12,,10,100,0,1,,,248,,13,gimmick,0,none,1,1,1,1,0,0,0,0,0,0,protect; reflectable; mirror,,,
389,sucker-punch,4,17,70,5,100,1,2,,,249,,0,damage,0,none,1,1,1,1,0,0,0,0,0,0,contact; protect; mirror,,,
390,toxic-spikes,4,4,,20,,0,1,,,250,,11,hazzard,0,none,1,1,1,1,0,0,0,0,0,0,reflectable; non-sky-battle,,,
391,heart-swap,4,14,,10,,0,1,,,251,,13,gimmick,0,none,1,1,1,1,0,0,0,0,0,0,protect; mirror; authentic,,,
392,aqua-ring,4,11,,20,,0,1,,,252,,3,heal,0,none,1,1,1,1,0,0,0,0,0,0,snatch,,,
393,magnet-rise,4,13,,10,,0,1,,,253,,13,gimmick,0,none,1,1,5,5,0,0,0,0,0,0,snatch; gravity,,,
394,flare-blitz,4,10,120,15,100,0,2,,,254,10,4,damage+ailment.nonv,4,burn,1,1,1,1,-33,0,0,10,0,0,contact; protect; mirror; defrost,,,
395,force-palm,4,2,60,10,100,0,2,,,7,30,4,damage+ailment.nonv,1,paralysis,1,1,1,1,0,0,0,30,0,0,contact; protect; mirror,,,
396,aura-sphere,4,2,80,20,,0,3,,,79,,0,damage,0,none,1,1,1,1,0,0,0,0,0,0,protect; mirror; distance; pulse; ballistics,,,
397,rock-polish,4,6,,20,,0,1,,,53,,2,net-good-stats,0,none,1,1,1,1,0,0,0,0,0,0,snatch,SPEED,2,1
398,poison-jab,4,4,80,20,100,0,2,,,3,30,4,damage+ailment.nonv,5,poison,1,1,1,1,0,0,0,30,0,0,contact; protect; mirror,,,
399,dark-pulse,4,17,80,15,100,0,3,,,32,20,0,damage,0,none,1,1,1,1,0,0,0,0,20,0,protect; mirror; distance; pulse,,,
400,night-slash,4,17,70,15,100,0,2,,,44,,0,damage,0,none,1,1,1,1,0,0,1,0,0,0,contact; protect; mirror,,,
401,aqua-tail,4,11,90,10,90,0,2,,,1,,0,damage,0,none,1,1,1,1,0,0,0,0,0,0,contact; protect; mirror,,,
402,seed-bomb,4,12,80,15,100,0,2,,,1,,0,damage,0,none,1,1,1,1,0,0,0,0,0,0,protect; mirror; ballistics,,,
403,air-slash,4,3,75,15,95,0,3,,,32,30,0,damage,0,none,1,1,1,1,0,0,0,0,30,0,protect; mirror; distance,,,
404,x-scissor,4,7,80,15,100,0,2,,,1,,0,damage,0,none,1,1,1,1,0,0,0,0,0,0,contact; protect; mirror,,,
405,bug-buzz,4,7,90,10,100,0,3,,,73,10,6,damage+lower,0,none,1,1,1,1,0,0,0,0,0,10,protect; mirror; sound; authentic,SPDEF,-1,0
406,dragon-pulse,4,16,85,10,100,0,3,,,1,,0,damage,0,none,1,1,1,1,0,0,0,0,0,0,protect; mirror; distance; pulse,,,
407,dragon-rush,4,16,100,10,75,0,2,,,32,20,0,damage,0,none,1,1,1,1,0,0,0,0,20,0,contact; protect; mirror,,,
408,power-gem,4,6,80,20,100,0,3,,,1,,0,damage,0,none,1,1,1,1,0,0,0,0,0,0,protect; mirror,,,
409,drain-punch,4,2,75,10,100,0,2,,,4,,8,damage+heal,0,none,1,1,1,1,50,0,0,0,0,0,contact; protect; mirror; punch; heal,,,
410,vacuum-wave,4,2,40,30,100,1,3,,,104,,0,damage,0,none,1,1,1,1,0,0,0,0,0,0,protect; mirror,,,
411,focus-blast,4,2,120,5,70,0,3,,,73,10,6,damage+lower,0,none,1,1,1,1,0,0,0,0,0,10,protect; mirror; ballistics,SPDEF,-1,0
412,energy-ball,4,12,90,10,100,0,3,,,73,10,6,damage+lower,0,none,1,1,1,1,0,0,0,0,0,10,protect; mirror; ballistics,SPDEF,-1,0
413,brave-bird,4,3,120,15,100,0,2,,,199,,0,damage,0,none,1,1,1,1,-33,0,0,0,0,0,contact; protect; mirror; distance,,,
414,earth-power,4,5,90,10,100,0,3,,,73,10,6,damage+lower,0,none,1,1,1,1,0,0,0,0,0,10,protect; mirror; non-sky-battle,SPDEF,-1,0
415,switcheroo,4,17,,10,100,0,1,,,178,,13,gimmick,0,none,1,1,1,1,0,0,0,0,0,0,protect; mirror,,,
416,giga-impact,4,1,150,5,90,0,2,,,81,,0,damage,0,none,1,1,1,1,0,0,0,0,0,0,contact; recharge; protect; mirror,,,
417,nasty-plot,4,17,,20,,0,1,,,54,,2,net-good-stats,0,none,1,1,1,1,0,0,0,0,0,0,snatch,SPATK,2,1
418,bullet-punch,4,9,40,30,100,1,2,,,104,,0,damage,0,none,1,1,1,1,0,0,0,0,0,0,contact; protect; mirror; punch,,,
419,avalanche,4,15,60,10,100,-4,2,,,186,,0,damage,0,none,1,1,1,1,0,0,0,0,0,0,contact; protect; mirror,,,
420,ice-shard,4,15,40,30,100,1,2,,,104,,0,damage,0,none,1,1,1,1,0,0,0,0,0,0,protect; mirror,,,
421,shadow-claw,4,8,70,15,100,0,2,,,44,,0,damage,0,none,1,1,1,1,0,0,1,0,0,0,contact; protect; mirror,,,
422,thunder-fang,4,13,65,15,95,0,2,,,276,10,4,damage+ailment.nonv,1,paralysis,1,1,1,1,0,0,0,10,10,0,contact; protect; mirror; bite,,,
423,ice-fang,4,15,65,15,95,0,2,,,275,10,4,damage+ailment.nonv,3,freeze,1,1,1,1,0,0,0,10,10,0,contact; protect; mirror; bite,,,
424,fire-fang,4,10,65,15,95,0,2,,,274,10,4,damage+ailment.nonv,4,burn,1,1,1,1,0,0,0,10,10,0,contact; protect; mirror; bite,,,
425,shadow-sneak,4,8,40,30,100,1,2,,,104,,0,damage,0,none,1,1,1,1,0,0,0,0,0,0,contact; protect; mirror,,,
426,mud-bomb,4,5,65,10,85,0,3,,,74,30,6,damage+lower,0,none,1,1,1,1,0,0,0,0,0,30,protect; mirror; ballistics,ACC,-1,0
427,psycho-cut,4,14,70,20,100,0,2,,,44,,0,damage,0,none,1,1,1,1,0,0,1,0,0,0,protect; mirror,,,
428,zen-headbutt,4,14,80,15,90,0,2,,,32,20,0,damage,0,none,1,1,1,1,0,0,0,0,20,0,contact; protect; mirror,,,
429,mirror-shot,4,9,65,10,85,0,3,,,74,30,6,damage+lower,0,none,1,1,1,1,0,0,0,0,0,30,protect; mirror,ACC,-1,0
430,flash-cannon,4,9,80,10,100,0,3,,,73,10,6,damage+lower,0,none,1,1,1,1,0,0,0,0,0,10,protect; mirror,SPDEF,-1,0
431,rock-climb,4,1,90,20,85,0,2,,,77,20,4,damage+ailment.volatile,6,confusion,1,1,2,5,0,0,0,20,0,0,contact; protect; mirror,,,
432,defog,4,3,,15,,0,1,,,259,,13,gimmick,0,none,1,1,1,1,0,0,0,0,0,0,protect; reflectable; mirror; authentic,,,
433,trick-room,4,14,,5,,-7,1,,,260,,10,whole-field-effect,0,none,1,1,1,1,0,0,0,0,0,0,mirror,,,
434,draco-meteor,4,16,130,5,90,0,3,,,205,100,7,damage+raise,0,none,1,1,1,1,0,0,0,0,0,100,protect; mirror,SPATK,-2,1
435,discharge,4,13,80,15,100,0,3,,,7,30,4,damage+ailment.nonv,1,paralysis,1,1,1,1,0,0,0,30,0,0,protect; mirror,,,
436,lava-plume,4,10,80,15,100,0,3,,,5,30,4,damage+ailment.nonv,4,burn,1,1,1,1,0,0,0,30,0,0,protect; mirror,,,
437,leaf-storm,4,12,130,5,90,0,3,,,205,100,7,damage+raise,0,none,1,1,1,1,0,0,0,0,0,100,protect; mirror,SPATK,-2,1
438,power-whip,4,12,120,10,85,0,2,,,1,,0,damage,0,none,1,1,1,1,0,0,0,0,0,0,contact; protect; mirror,,,
439,rock-wrecker,4,6,150,5,90,0,2,,,81,,0,damage,0,none,1,1,1,1,0,0,0,0,0,0,recharge; protect; mirror,,,
440,cross-poison,4,4,70,20,100,0,2,,,210,10,4,damage+ailment.nonv,5,poison,1,1,1,1,0,0,1,10,0,0,contact; protect; mirror,,,
441,gunk-shot,4,4,120,5,80,0,2,,,3,30,4,damage+ailment.nonv,5,poison,1,1,1,1,0,0,0,30,0,0,protect; mirror,,,
442,iron-head,4,9,80,15,100,0,2,,,32,30,0,damage,0,none,1,1,1,1,0,0,0,0,30,0,contact; protect; mirror,,,
443,magnet-bomb,4,9,60,20,,0,2,,,79,,0,damage,0,none,1,1,1,1,0,0,0,0,0,0,protect; mirror; ballistics,,,
444,stone-edge,4,6,100,5,80,0,2,,,44,,0,damage,0,none,1,1,1,1,0,0,1,0,0,0,protect; mirror,,,
445,captivate,4,1,,20,100,0,1,,,266,,2,net-good-stats,0,none,1,1,1,1,0,0,0,0,0,0,protect; reflectable; mirror,SPATK,-2,0
446,stealth-rock,4,6,,20,,0,1,,,267,,11,hazzard,0,none,1,1,1,1,0,0,0,0,0,0,reflectable,,,
447,grass-knot,4,12,,20,100,0,3,,,197,,0,damage,0,none,1,1,1,1,0,0,0,0,0,0,contact; protect; mirror; non-sky-battle,,,
448,chatter,4,3,65,20,100,0,3,,TRUE,268,100,4,damage+ailment.volatile,6,confusion,1,1,2,5,0,0,0,100,0,0,protect; mirror; sound; distance; authentic,,,
449,judgment,4,1,100,10,100,0,3,,TRUE,269,,0,damage,0,none,1,1,1,1,0,0,0,0,0,0,protect; mirror,,,
450,bug-bite,4,7,60,20,100,0,2,,,225,,0,damage,0,none,1,1,1,1,0,0,0,0,0,0,contact; protect; mirror,,,
451,charge-beam,4,13,50,10,90,0,3,,,277,70,7,damage+raise,0,none,1,1,1,1,0,0,0,0,0,70,protect; mirror,SPATK,1,1
452,wood-hammer,4,12,120,15,100,0,2,,,199,,0,damage,0,none,1,1,1,1,-33,0,0,0,0,0,contact; protect; mirror,,,
453,aqua-jet,4,11,40,20,100,1,2,,,104,,0,damage,0,none,1,1,1,1,0,0,0,0,0,0,contact; protect; mirror,,,
454,attack-order,4,7,90,15,100,0,2,,TRUE,44,,0,damage,0,none,1,1,1,1,0,0,1,0,0,0,protect; mirror,,,
455,defend-order,4,7,,10,,0,1,,TRUE,207,,2,net-good-stats,0,none,1,1,1,1,0,0,0,0,0,0,snatch,DEF; SPDEF,1; 1,1
456,heal-order,4,7,,10,,0,1,,TRUE,33,,3,heal,0,none,1,1,1,1,0,50,0,0,0,0,snatch; heal,,,
457,head-smash,4,6,150,5,80,0,2,,,270,,0,damage,0,none,1,1,1,1,-50,0,0,0,0,0,contact; protect; mirror,,,
458,double-hit,4,1,35,10,90,0,2,,,45,,0,damage,0,none,2,2,1,1,0,0,0,0,0,0,contact; protect; mirror,,,
459,roar-of-time,4,16,150,5,90,0,3,,TRUE,81,,0,damage,0,none,1,1,1,1,0,0,0,0,0,0,recharge; protect; mirror,,,
460,spacial-rend,4,16,100,5,95,0,3,,TRUE,44,,0,damage,0,none,1,1,1,1,0,0,1,0,0,0,protect; mirror,,,
461,lunar-dance,4,14,,10,,0,1,,TRUE,271,,13,gimmick,0,none,1,1,1,1,0,0,0,0,0,0,snatch; heal; dance,,,
462,crush-grip,4,1,,5,100,0,2,,TRUE,238,,0,damage,0,none,1,1,1,1,0,0,0,0,0,0,contact; protect; mirror,,,
463,magma-storm,4,10,100,5,75,0,3,,TRUE,43,100,4,damage+ailment.volatile,8,trap,1,1,5,6,0,0,0,100,0,0,protect; mirror,,,
464,dark-void,4,17,,10,50,0,1,,TRUE,2,,1,ailment.nonv,2,sleep,1,1,2,4,0,0,0,0,0,0,protect; reflectable; mirror,,,
465,seed-flare,4,12,120,5,85,0,3,,TRUE,272,40,6,damage+lower,0,none,1,1,1,1,0,0,0,0,0,40,protect; mirror,SPDEF,-2,0
466,ominous-wind,4,8,60,5,100,0,3,,,141,10,7,damage+raise,0,none,1,1,1,1,0,0,0,10,0,10,protect; mirror,ALL; ATK; DEF; SPATK; SPDEF; SPEED,1; 1; 1; 1; 1; 1,1
467,shadow-force,4,8,120,5,100,0,2,,,273,,0,damage,0,none,1,1,1,1,0,0,0,0,0,0,contact; charge; mirror,,,
468,hone-claws,5,17,,15,,0,1,,,278,,2,net-good-stats,0,none,1,1,1,1,0,0,0,0,0,0,snatch,ATK; ACC,1; 1,1
469,wide-guard,5,6,,10,,3,1,,,279,,11,field-effect,0,none,1,1,1,1,0,0,0,0,0,0,snatch,,,
470,guard-split,5,14,,10,,0,1,,,280,,13,gimmick,0,none,1,1,1,1,0,0,0,0,0,0,protect,,,
471,power-split,5,14,,10,,0,1,,,281,,13,gimmick,0,none,1,1,1,1,0,0,0,0,0,0,protect,,,
472,wonder-room,5,14,,10,,0,1,,,282,,10,whole-field-effect,0,none,1,1,1,1,0,0,0,0,0,0,mirror,,,
473,psyshock,5,14,80,10,100,0,3,,,283,,0,damage,0,none,1,1,1,1,0,0,0,0,0,0,protect; mirror,,,
474,venoshock,5,4,65,10,100,0,3,,,284,,0,damage,0,none,1,1,1,1,0,0,0,0,0,0,protect; mirror,,,
475,autotomize,5,9,,15,,0,1,,,285,,2,net-good-stats,0,none,1,1,1,1,0,0,0,0,0,0,snatch,SPEED,2,1
476,rage-powder,5,7,,20,,2,1,,,173,,13,gimmick,0,none,1,1,1,1,0,0,0,0,0,0,powder,,,
477,telekinesis,5,14,,15,,0,1,,,286,,1,ailment.volatile,-1,unknown,1,1,3,3,0,0,0,0,0,0,protect; reflectable; mirror; gravity,,,
478,magic-room,5,14,,10,,0,1,,,287,,10,whole-field-effect,0,none,1,1,1,1,0,0,0,0,0,0,mirror,,,
479,smack-down,5,6,50,15,100,0,2,,,288,100,0,damage,25,grounded,1,1,1,1,0,0,0,100,0,0,protect; mirror; non-sky-battle,,,
480,storm-throw,5,2,60,10,100,0,2,,,289,,0,damage,0,none,1,1,1,1,0,0,6,0,0,0,contact; protect; mirror,,,
481,flame-burst,5,10,70,15,100,0,3,,,290,,0,damage,0,none,1,1,1,1,0,0,0,0,0,0,protect; mirror,,,
482,sludge-wave,5,4,95,10,100,0,3,,,3,10,4,damage+ailment.nonv,5,poison,1,1,1,1,0,0,0,10,0,0,protect; mirror,,,
483,quiver-dance,5,7,,20,,0,1,,,291,,2,net-good-stats,0,none,1,1,1,1,0,0,0,0,0,0,snatch; dance,SPATK; SPDEF; SPEED,1; 1; 1,1
484,heavy-slam,5,9,,10,100,0,2,,,292,,0,damage,0,none,1,1,1,1,0,0,0,0,0,0,contact; protect; mirror; non-sky-battle,,,
485,synchronoise,5,14,120,10,100,0,3,,,293,,0,damage,0,none,1,1,1,1,0,0,0,0,0,0,protect; mirror,,,
486,electro-ball,5,13,,10,100,0,3,,,294,,0,damage,0,none,1,1,1,1,0,0,0,0,0,0,protect; mirror; ballistics,,,
487,soak,5,11,,20,100,0,1,,,295,,13,gimmick,0,none,1,1,1,1,0,0,0,0,0,0,protect; reflectable; mirror,,,
488,flame-charge,5,10,50,20,100,0,2,,,296,100,7,damage+raise,0,none,1,1,1,1,0,0,0,0,0,100,contact; protect; mirror,SPEED,1,1
489,coil,5,4,,20,,0,1,,,323,,2,net-good-stats,0,none,1,1,1,1,0,0,0,0,0,0,snatch,ATK; DEF; ACC,1; 1; 1,1
490,low-sweep,5,2,65,20,100,0,2,,,21,100,6,damage+lower,0,none,1,1,1,1,0,0,0,0,0,100,contact; protect; mirror,SPEED,-1,0
491,acid-spray,5,4,40,20,100,0,3,,,297,100,6,damage+lower,0,none,1,1,1,1,0,0,0,0,0,100,protect; mirror; ballistics,SPDEF,-2,0
492,foul-play,5,17,95,15,100,0,2,,,298,,0,damage,0,none,1,1,1,1,0,0,0,0,0,0,contact; protect; mirror,,,
493,simple-beam,5,1,,15,100,0,1,,,299,,13,gimmick,0,none,1,1,1,1,0,0,0,0,0,0,protect; reflectable; mirror,,,
494,entrainment,5,1,,15,100,0,1,,,300,,13,gimmick,0,none,1,1,1,1,0,0,0,0,0,0,protect; reflectable; mirror,,,
495,after-you,5,1,,15,,0,1,,,301,,13,gimmick,0,none,1,1,1,1,0,0,0,0,0,0,authentic,,,
496,round,5,1,60,15,100,0,3,,,302,,0,damage,0,none,1,1,1,1,0,0,0,0,0,0,protect; mirror; sound; authentic,,,
497,echoed-voice,5,1,40,15,100,0,3,,,303,,0,damage,0,none,1,1,1,1,0,0,0,0,0,0,protect; mirror; sound; authentic,,,
498,chip-away,5,1,70,20,100,0,2,,,304,,0,damage,0,none,1,1,1,1,0,0,0,0,0,0,contact; protect; mirror,,,
499,clear-smog,5,4,50,15,,0,3,,,305,,0,damage,0,none,1,1,1,1,0,0,0,0,0,0,protect; mirror,,,
500,stored-power,5,14,20,10,100,0,3,,,306,,0,damage,0,none,1,1,1,1,0,0,0,0,0,0,protect; mirror,,,
501,quick-guard,5,2,,15,,3,1,,,307,,11,field-effect,0,none,1,1,1,1,0,0,0,0,0,0,snatch,,,
502,ally-switch,5,14,,15,,2,1,,,308,,13,gimmick,0,none,1,1,1,1,0,0,0,0,0,0,,,,
503,scald,5,11,80,15,100,0,3,,,5,30,4,damage+ailment.nonv,4,burn,1,1,1,1,0,0,0,30,0,0,protect; mirror; defrost,,,
504,shell-smash,5,1,,15,,0,1,,,309,,2,net-good-stats,0,none,1,1,1,1,0,0,0,0,0,0,snatch,ATK; SPATK; SPEED; DEF; SPDEF,2; 2; 2; -1; -1,1
505,heal-pulse,5,14,,10,,0,1,,,310,,3,heal,0,none,1,1,1,1,0,50,0,0,0,0,protect; reflectable; distance; heal; pulse,,,
506,hex,5,8,65,10,100,0,3,,,311,,0,damage,0,none,1,1,1,1,0,0,0,0,0,0,protect; mirror,,,
507,sky-drop,5,3,60,10,100,0,2,,,312,,0,damage,0,none,1,1,1,1,0,0,0,0,0,0,contact; charge; protect; mirror; gravity; distance,,,
508,shift-gear,5,9,,10,,0,1,,,313,,2,net-good-stats,0,none,1,1,1,1,0,0,0,0,0,0,snatch,ATK; SPEED,1; 2,1
509,circle-throw,5,2,60,10,90,-6,2,,,29,,0,damage,0,none,1,1,1,1,0,0,0,0,0,0,contact; protect; mirror,,,
510,incinerate,5,10,60,15,100,0,3,,,315,,0,damage,0,none,1,1,1,1,0,0,0,0,0,0,protect; mirror,,,
511,quash,5,17,,15,100,0,1,,,316,,13,gimmick,0,none,1,1,1,1,0,0,0,0,0,0,protect; mirror,,,
512,acrobatics,5,3,55,15,100,0,2,,,318,,0,damage,0,none,1,1,1,1,0,0,0,0,0,0,contact; protect; mirror; distance,,,
513,reflect-type,5,1,,15,,0,1,,,319,,13,gimmick,0,none,1,1,1,1,0,0,0,0,0,0,protect; authentic,,,
514,retaliate,5,1,70,5,100,0,2,,,320,,0,damage,0,none,1,1,1,1,0,0,0,0,0,0,contact; protect; mirror,,,
515,final-gambit,5,2,,5,100,0,3,,,321,,0,damage,0,none,1,1,1,1,0,0,0,0,0,0,protect,,,
516,bestow,5,1,,15,,0,1,,,324,,13,gimmick,0,none,1,1,1,1,0,0,0,0,0,0,mirror; authentic,,,
517,inferno,5,10,100,5,50,0,3,,,5,100,4,damage+ailment.nonv,4,burn,1,1,1,1,0,0,0,100,0,0,protect; mirror,,,
518,water-pledge,5,11,80,10,100,0,3,,,325,,0,damage,0,none,1,1,1,1,0,0,0,0,0,0,protect; mirror; non-sky-battle,,,
519,fire-pledge,5,10,80,10,100,0,3,,,326,,0,damage,0,none,1,1,1,1,0,0,0,0,0,0,protect; mirror; non-sky-battle,,,
520,grass-pledge,5,12,80,10,100,0,3,,,327,,0,damage,0,none,1,1,1,1,0,0,0,0,0,0,protect; mirror; non-sky-battle,,,
521,volt-switch,5,13,70,20,100,0,3,,,229,,0,damage,0,none,1,1,1,1,0,0,0,0,0,0,protect; mirror,,,
522,struggle-bug,5,7,50,20,100,0,3,,,72,100,6,damage+lower,0,none,1,1,1,1,0,0,0,0,0,100,protect; mirror,SPATK,-1,0
523,bulldoze,5,5,60,20,100,0,2,,,71,100,6,damage+lower,0,none,1,1,1,1,0,0,0,0,0,100,protect; mirror; non-sky-battle,SPEED,-1,0
524,frost-breath,5,15,60,10,90,0,3,,,289,100,0,damage,0,none,1,1,1,1,0,0,6,100,0,0,protect; mirror,,,
525,dragon-tail,5,16,60,10,90,-6,2,,,29,,0,damage,0,none,1,1,1,1,0,0,0,0,0,0,contact; protect; mirror,,,
526,work-up,5,1,,30,,0,1,,,328,,2,net-good-stats,0,none,1,1,1,1,0,0,0,0,0,0,snatch,ATK; SPATK,1; 1,1
527,electroweb,5,13,55,15,95,0,3,,TRUE,21,100,6,damage+lower,0,none,1,1,1,1,0,0,0,0,0,100,protect; mirror,SPEED,-1,0
528,wild-charge,5,13,90,15,100,0,2,,,49,,0,damage,0,none,1,1,1,1,-25,0,0,0,0,0,contact; protect; mirror,,,
529,drill-run,5,5,80,10,95,0,2,,,44,,0,damage,0,none,1,1,1,1,0,0,1,0,0,0,contact; protect; mirror,,,
530,dual-chop,5,16,40,15,90,0,2,,,45,,0,damage,0,none,2,2,1,1,0,0,0,0,0,0,contact; protect; mirror,,,
531,heart-stamp,5,14,60,25,100,0,2,,,32,30,0,damage,0,none,1,1,1,1,0,0,0,0,30,0,contact; protect; mirror,,,
532,horn-leech,5,12,75,10,100,0,2,,,4,,8,damage+heal,0,none,1,1,1,1,50,0,0,0,0,0,contact; protect; mirror; heal,,,
533,sacred-sword,5,2,90,15,100,0,2,,,304,,0,damage,0,none,1,1,1,1,0,0,0,0,0,0,contact; protect; mirror,,,
534,razor-shell,5,11,75,10,95,0,2,,,70,50,6,damage+lower,0,none,1,1,1,1,0,0,0,0,0,50,contact; protect; mirror,DEF,-1,0
535,heat-crash,5,10,,10,100,0,2,,TRUE,292,,0,damage,0,none,1,1,1,1,0,0,0,0,0,0,contact; protect; mirror; non-sky-battle,,,
536,leaf-tornado,5,12,65,10,90,0,3,,,74,50,6,damage+lower,0,none,1,1,1,1,0,0,0,0,0,50,protect; mirror,ACC,-1,0
537,steamroller,5,7,65,20,100,0,2,,,151,30,0,damage,0,none,1,1,1,1,0,0,0,0,30,0,contact; protect; mirror,,,
538,cotton-guard,5,12,,10,,0,1,,,329,,2,net-good-stats,0,none,1,1,1,1,0,0,0,0,0,0,snatch,DEF,3,1
539,night-daze,5,17,85,10,95,0,3,,,74,40,6,damage+lower,0,none,1,1,1,1,0,0,0,0,0,40,protect; mirror,ACC,-1,0
540,psystrike,5,14,100,10,100,0,3,,TRUE,283,,0,damage,0,none,1,1,1,1,0,0,0,0,0,0,protect; mirror,,,
541,tail-slap,5,1,25,10,85,0,2,,TRUE,30,,0,damage,0,none,2,5,1,1,0,0,0,0,0,0,contact; protect; mirror,,,
542,hurricane,5,3,110,10,70,0,3,,,334,30,4,damage+ailment.volatile,6,confusion,1,1,2,5,0,0,0,30,0,0,protect; mirror; distance,,,
543,head-charge,5,1,120,15,100,0,2,,TRUE,49,,0,damage,0,none,1,1,1,1,-25,0,0,0,0,0,contact; protect; mirror,,,
544,gear-grind,5,9,50,15,85,0,2,,TRUE,45,,0,damage,0,none,2,2,1,1,0,0,0,0,0,0,contact; protect; mirror,,,
545,searing-shot,5,10,100,5,100,0,3,,TRUE,5,30,4,damage+ailment.nonv,4,burn,1,1,1,1,0,0,0,30,0,0,protect; mirror,,,
546,techno-blast,5,1,120,5,100,0,3,,TRUE,269,,0,damage,0,none,1,1,1,1,0,0,0,0,0,0,protect; mirror,,,
547,relic-song,5,1,75,10,100,0,3,,TRUE,330,10,4,damage+ailment.nonv,2,sleep,1,1,2,4,0,0,0,10,0,0,protect; mirror; sound; authentic,,,
548,secret-sword,5,2,85,10,100,0,3,,TRUE,283,,0,damage,0,none,1,1,1,1,0,0,0,0,0,0,protect; mirror,,,
549,glaciate,5,15,65,10,95,0,3,,TRUE,331,100,6,damage+lower,0,none,1,1,1,1,0,0,0,0,0,100,protect; mirror,SPEED,-1,0
550,bolt-strike,5,13,130,5,85,0,2,,TRUE,7,20,4,damage+ailment.nonv,1,paralysis,1,1,1,1,0,0,0,20,0,0,contact; protect; mirror,,,
551,blue-flare,5,10,130,5,85,0,3,,TRUE,5,20,4,damage+ailment.nonv,4,burn,1,1,1,1,0,0,0,20,0,0,protect; mirror,,,
552,fiery-dance,5,10,80,10,100,0,3,,TRUE,277,50,7,damage+raise,0,none,1,1,1,1,0,0,0,0,0,50,protect; mirror; dance,SPATK,1,1
553,freeze-shock,5,15,140,5,90,0,2,,TRUE,332,30,4,damage+ailment.nonv,1,paralysis,1,1,1,1,0,0,0,30,0,0,charge; protect; mirror,,,
554,ice-burn,5,15,140,5,90,0,3,,,333,30,4,damage+ailment.nonv,4,burn,1,1,1,1,0,0,0,30,0,0,charge; protect; mirror,,,
555,snarl,5,17,55,15,95,0,3,,,72,100,6,damage+lower,0,none,1,1,1,1,0,0,0,0,0,100,protect; mirror; sound; authentic,SPATK,-1,0
556,icicle-crash,5,15,85,10,90,0,2,,,32,30,0,damage,0,none,1,1,1,1,0,0,0,0,30,0,protect; mirror,,,
557,v-create,5,10,180,5,95,0,2,,TRUE,335,100,7,damage+raise,0,none,1,1,1,1,0,0,0,0,0,100,contact; protect; mirror,DEF; SPDEF; SPEED,-1; -1; -1,1
558,fusion-flare,5,10,100,5,100,0,3,,TRUE,336,,0,damage,0,none,1,1,1,1,0,0,0,0,0,0,protect; mirror; defrost,,,
559,fusion-bolt,5,13,100,5,100,0,2,,TRUE,337,,0,damage,0,none,1,1,1,1,0,0,0,0,0,0,protect; mirror,,,
560,flying-press,6,2,100,10,95,0,2,,TRUE,338,,0,damage,0,none,1,1,1,1,0,0,0,0,0,0,contact; protect; mirror; gravity; distance; non-sky-battle,,,
561,mat-block,6,2,,10,,0,1,,,377,,11,field-effect,0,none,1,1,1,1,0,0,0,0,0,0,snatch; non-sky-battle,,,
562,belch,6,4,120,10,90,0,3,,,339,,0,damage,0,none,1,1,1,1,0,0,0,0,0,0,protect,,,
563,rototiller,6,5,,10,,0,1,,,340,100,2,net-good-stats,0,none,1,1,1,1,0,0,0,0,0,100,distance; non-sky-battle,ATK; SPATK,1; 1,1
564,sticky-web,6,7,,20,,0,1,,,341,,11,hazzard,0,none,1,1,1,1,0,0,0,0,0,0,reflectable,,,
565,fell-stinger,6,7,50,25,100,0,2,,,342,,0,damage,0,none,1,1,1,1,0,0,0,0,0,0,contact; protect; mirror,,,
566,phantom-force,6,8,90,10,100,0,2,,,273,,0,damage,0,none,1,1,1,1,0,0,0,0,0,0,contact; charge; mirror,,,
567,trick-or-treat,6,8,,20,100,0,1,,TRUE,343,,13,gimmick,0,none,1,1,1,1,0,0,0,0,0,0,protect; reflectable; mirror,,,
568,noble-roar,6,1,,30,100,0,1,,,344,100,2,net-good-stats,0,none,1,1,1,1,0,0,0,0,0,100,protect; reflectable; mirror; sound; authentic,ATK; SPATK,-1; -1,0
569,ion-deluge,6,13,,25,,1,1,,,345,,10,whole-field-effect,0,none,1,1,1,1,0,0,0,0,0,0,,,,
570,parabolic-charge,6,13,65,20,100,0,3,,,346,,8,damage+heal,0,none,1,1,1,1,50,0,0,0,0,0,protect; mirror; heal,,,
571,forests-curse,6,12,,20,100,0,1,,TRUE,376,,13,gimmick,0,none,1,1,1,1,0,0,0,0,0,0,protect; reflectable; mirror,,,
572,petal-blizzard,6,12,90,15,100,0,2,,,1,,0,damage,0,none,1,1,1,1,0,0,0,0,0,0,protect; mirror,,,
573,freeze-dry,6,15,70,20,100,0,3,,,380,10,4,damage+ailment.nonv,3,freeze,1,1,1,1,0,0,0,10,0,0,protect; mirror,,,
574,disarming-voice,6,18,40,15,,0,3,,,79,,0,damage,0,none,1,1,1,1,0,0,0,0,0,0,protect; mirror; sound; authentic,,,
575,parting-shot,6,17,,20,100,0,1,,,347,100,2,net-good-stats,0,none,1,1,1,1,0,0,0,0,0,100,protect; reflectable; mirror; sound; authentic,ATK; SPATK,-1; -1,0
576,topsy-turvy,6,17,,20,,0,1,,TRUE,348,,13,gimmick,0,none,1,1,1,1,0,0,0,0,0,0,protect; reflectable; mirror,,,
577,draining-kiss,6,18,50,10,100,0,3,,,349,,8,damage+heal,0,none,1,1,1,1,75,0,0,0,0,0,contact; protect; mirror; heal,,,
578,crafty-shield,6,18,,10,,3,1,,,350,,11,field-effect,0,none,1,1,1,1,0,0,0,0,0,0,,,,
579,flower-shield,6,18,,10,,0,1,,,351,100,2,net-good-stats,0,none,1,1,1,1,0,0,0,0,0,100,distance,DEF,1,1
580,grassy-terrain,6,12,,10,,0,1,,,352,,10,whole-field-effect,0,none,1,1,1,1,0,0,0,0,0,0,non-sky-battle,,,
581,misty-terrain,6,18,,10,,0,1,,,353,,10,whole-field-effect,0,none,1,1,1,1,0,0,0,0,0,0,non-sky-battle,,,
582,electrify,6,13,,20,,0,1,,TRUE,354,,13,gimmick,0,none,1,1,1,1,0,0,0,0,0,0,protect; mirror,,,
583,play-rough,6,18,90,10,90,0,2,,,69,10,6,damage+lower,0,none,1,1,1,1,0,0,0,0,0,10,contact; protect; mirror,ATK,-1,0
584,fairy-wind,6,18,40,30,100,0,3,,,1,,0,damage,0,none,1,1,1,1,0,0,0,0,0,0,protect; mirror,,,
585,moonblast,6,18,95,15,100,0,3,,,72,30,6,damage+lower,0,none,1,1,1,1,0,0,0,0,0,30,protect; mirror,SPATK,-1,0
586,boomburst,6,1,140,10,100,0,3,,,1,,0,damage,0,none,1,1,1,1,0,0,0,0,0,0,protect; mirror; sound; authentic,,,
587,fairy-lock,6,18,,10,,0,1,,,355,,10,whole-field-effect,0,none,1,1,1,1,0,0,0,0,0,0,mirror; authentic,,,
588,kings-shield,6,9,,10,,4,1,,TRUE,356,,13,protect,0,none,1,1,1,1,0,0,0,0,0,0,,,,
589,play-nice,6,1,,20,,0,1,,,357,100,2,net-good-stats,0,none,1,1,1,1,0,0,0,0,0,100,reflectable; mirror; authentic,ATK,-1,0
590,confide,6,1,,20,,0,1,,,358,100,2,net-good-stats,0,none,1,1,1,1,0,0,0,0,0,100,reflectable; mirror; sound; authentic,SPATK,-1,0
591,diamond-storm,6,6,100,5,95,0,2,,TRUE,359,50,7,damage+raise,0,none,1,1,1,1,0,0,0,0,0,50,protect; mirror,DEF,1,1
592,steam-eruption,6,11,110,5,95,0,3,,TRUE,5,30,4,damage+ailment.nonv,4,burn,1,1,1,1,0,0,0,30,0,0,protect; mirror; defrost,,,
593,hyperspace-hole,6,14,80,5,,0,3,,TRUE,360,,0,damage,0,none,1,1,1,1,0,0,0,0,0,0,mirror; authentic,,,
594,water-shuriken,6,11,15,20,100,1,3,,,361,,0,damage,0,none,2,5,1,1,0,0,0,0,0,0,protect; mirror,,,
595,mystical-fire,6,10,75,10,100,0,3,,,72,100,6,damage+lower,0,none,1,1,1,1,0,0,0,0,0,100,protect; mirror,SPATK,-1,0
596,spiky-shield,6,12,,10,,4,1,,,362,,13,protect,0,none,1,1,1,1,0,0,0,0,0,0,,,,
597,aromatic-mist,6,18,,20,,0,1,,,363,,2,net-good-stats,0,none,1,1,1,1,0,0,0,0,0,0,authentic,SPDEF,1,1
598,eerie-impulse,6,13,,15,100,0,1,,,62,,2,net-good-stats,0,none,1,1,1,1,0,0,0,0,0,0,protect; reflectable; mirror,SPATK,-2,0
599,venom-drench,6,4,,20,100,0,1,,,364,100,2,net-good-stats,0,none,1,1,1,1,0,0,0,0,0,100,protect; reflectable; mirror,ATK; SPATK; SPEED,-1; -1; -1,0
600,powder,6,7,,20,100,1,1,,TRUE,378,,13,gimmick,0,none,1,1,1,1,0,0,0,0,0,0,protect; reflectable; mirror; authentic; powder,,,
601,geomancy,6,18,,10,,0,1,,TRUE,366,,2,net-good-stats,0,none,1,1,1,1,0,0,0,0,0,0,charge; non-sky-battle,SPATK; SPDEF; SPEED,2; 2; 2,1
602,magnetic-flux,6,13,,20,,0,1,,,367,,2,net-good-stats,0,none,1,1,1,1,0,0,0,0,0,0,snatch; distance; authentic,DEF; SPDEF,1; 1,1
603,happy-hour,6,1,,30,,0,1,,,368,,13,gimmick,0,none,1,1,1,1,0,0,0,0,0,0,,,,
604,electric-terrain,6,13,,10,,0,1,,,369,,10,whole-field-effect,0,none,1,1,1,1,0,0,0,0,0,0,non-sky-battle,,,
605,dazzling-gleam,6,18,80,10,100,0,3,,,1,,0,damage,0,none,1,1,1,1,0,0,0,0,0,0,protect; mirror,,,
606,celebrate,6,1,,40,,0,1,,,87,,13,celebrate,0,none,1,1,1,1,0,0,0,0,0,0,,,,
607,hold-hands,6,1,,40,,0,1,,,87,,13,gimmick,0,none,1,1,1,1,0,0,0,0,0,0,authentic,,,
608,baby-doll-eyes,6,18,,30,100,1,1,,,365,,2,net-good-stats,0,none,1,1,1,1,0,0,0,0,0,0,protect; reflectable; mirror,ATK,-1,0
609,nuzzle,6,13,20,20,100,0,2,,,372,100,4,damage+ailment.nonv,1,paralysis,1,1,1,1,0,0,0,100,0,0,contact; protect; mirror,,,
610,hold-back,6,1,40,40,100,0,2,,,102,,0,damage,0,none,1,1,1,1,0,0,0,0,0,0,contact; protect; mirror,,,
611,infestation,6,7,20,20,100,0,3,,,43,100,4,damage+ailment.volatile,8,trap,1,1,5,6,0,0,0,100,0,0,contact; protect; mirror,,,
612,power-up-punch,6,2,40,20,100,0,2,,,375,100,7,damage+raise,0,none,1,1,1,1,0,0,0,0,0,100,contact; protect; mirror; punch,ATK,1,1
613,oblivion-wing,6,3,80,10,100,0,3,,TRUE,349,,8,damage+heal,0,none,1,1,1,1,75,0,0,0,0,0,protect; mirror; distance; heal,,,
614,thousand-arrows,6,5,90,10,100,0,2,,TRUE,373,100,0,damage,25,grounded,1,1,1,1,0,0,0,100,0,0,protect; mirror; non-sky-battle,,,
615,thousand-waves,6,5,90,10,100,0,2,,TRUE,374,,0,damage,0,none,1,1,1,1,0,0,0,0,0,0,protect; mirror; non-sky-battle,,,
616,lands-wrath,6,5,90,10,100,0,2,,TRUE,1,,0,damage,0,none,1,1,1,1,0,0,0,0,0,0,protect; mirror; non-sky-battle,,,
617,light-of-ruin,6,18,140,5,90,0,3,,TRUE,270,,0,damage,0,none,1,1,1,1,-50,0,0,0,0,0,protect; mirror,,,
618,origin-pulse,6,11,110,10,85,0,3,,TRUE,1,,0,damage,0,none,1,1,1,1,0,0,0,0,0,0,protect; mirror,,,
619,precipice-blades,6,5,120,10,85,0,2,,TRUE,1,,0,damage,0,none,1,1,1,1,0,0,0,0,0,0,protect; mirror; non-sky-battle,,,
620,dragon-ascent,6,3,120,5,100,0,2,,TRUE,230,100,7,damage+raise,0,none,1,1,1,1,0,0,0,0,0,0,contact; protect; mirror; distance,DEF; SPDEF,-1; -1,1
621,hyperspace-fury,6,17,100,5,,0,2,,TRUE,360,100,7,damage+raise,0,none,1,1,1,1,0,0,0,0,0,0,mirror; authentic,,,
622,breakneck-blitz--physical,7,1,,1,,0,2,TRUE,,1,,0,damage,0,none,1,1,1,1,0,0,0,0,0,0,,,,
623,breakneck-blitz--special,7,1,,1,,0,3,TRUE,,1,,0,damage,0,none,1,1,1,1,0,0,0,0,0,0,,,,
624,all-out-pummeling--physical,7,2,,1,,0,2,TRUE,,1,,0,damage,0,none,1,1,1,1,0,0,0,0,0,0,,,,
625,all-out-pummeling--special,7,2,,1,,0,3,TRUE,,1,,0,damage,0,none,1,1,1,1,0,0,0,0,0,0,,,,
626,supersonic-skystrike--physical,7,3,,1,,0,2,TRUE,,1,,0,damage,0,none,1,1,1,1,0,0,0,0,0,0,,,,
627,supersonic-skystrike--special,7,3,,1,,0,3,TRUE,,1,,0,damage,0,none,1,1,1,1,0,0,0,0,0,0,,,,
628,acid-downpour--physical,7,4,,1,,0,2,TRUE,,1,,0,damage,0,none,1,1,1,1,0,0,0,0,0,0,,,,
629,acid-downpour--special,7,4,,1,,0,3,TRUE,,1,,0,damage,0,none,1,1,1,1,0,0,0,0,0,0,,,,
630,tectonic-rage--physical,7,5,,1,,0,2,TRUE,,1,,0,damage,0,none,1,1,1,1,0,0,0,0,0,0,,,,
631,tectonic-rage--special,7,5,,1,,0,3,TRUE,,1,,0,damage,0,none,1,1,1,1,0,0,0,0,0,0,,,,
632,continental-crush--physical,7,6,,1,,0,2,TRUE,,1,,0,damage,0,none,1,1,1,1,0,0,0,0,0,0,,,,
633,continental-crush--special,7,6,,1,,0,3,TRUE,,1,,0,damage,0,none,1,1,1,1,0,0,0,0,0,0,,,,
634,savage-spin-out--physical,7,7,,1,,0,2,TRUE,,1,,0,damage,0,none,1,1,1,1,0,0,0,0,0,0,,,,
635,savage-spin-out--special,7,7,,1,,0,3,TRUE,,1,,0,damage,0,none,1,1,1,1,0,0,0,0,0,0,,,,
636,never-ending-nightmare--physical,7,8,,1,,0,2,TRUE,,1,,0,damage,0,none,1,1,1,1,0,0,0,0,0,0,,,,
637,never-ending-nightmare--special,7,8,,1,,0,3,TRUE,,1,,0,damage,0,none,1,1,1,1,0,0,0,0,0,0,,,,
638,corkscrew-crash--physical,7,9,,1,,0,2,TRUE,,1,,0,damage,0,none,1,1,1,1,0,0,0,0,0,0,,,,
639,corkscrew-crash--special,7,9,,1,,0,3,TRUE,,1,,0,damage,0,none,1,1,1,1,0,0,0,0,0,0,,,,
640,inferno-overdrive--physical,7,10,,1,,0,2,TRUE,,1,,0,damage,0,none,1,1,1,1,0,0,0,0,0,0,,,,
641,inferno-overdrive--special,7,10,,1,,0,3,TRUE,,1,,0,damage,0,none,1,1,1,1,0,0,0,0,0,0,,,,
642,hydro-vortex--physical,7,11,,1,,0,2,TRUE,,1,,0,damage,0,none,1,1,1,1,0,0,0,0,0,0,,,,
643,hydro-vortex--special,7,11,,1,,0,3,TRUE,,1,,0,damage,0,none,1,1,1,1,0,0,0,0,0,0,,,,
644,bloom-doom--physical,7,12,,1,,0,2,TRUE,,1,,0,damage,0,none,1,1,1,1,0,0,0,0,0,0,,,,
645,bloom-doom--special,7,12,,1,,0,3,TRUE,,1,,0,damage,0,none,1,1,1,1,0,0,0,0,0,0,,,,
646,gigavolt-havoc--physical,7,13,,1,,0,2,TRUE,,1,,0,damage,0,none,1,1,1,1,0,0,0,0,0,0,,,,
647,gigavolt-havoc--special,7,13,,1,,0,3,TRUE,,1,,0,damage,0,none,1,1,1,1,0,0,0,0,0,0,,,,
648,shattered-psyche--physical,7,14,,1,,0,2,TRUE,,1,,0,damage,0,none,1,1,1,1,0,0,0,0,0,0,,,,
649,shattered-psyche--special,7,14,,1,,0,3,TRUE,,1,,0,damage,0,none,1,1,1,1,0,0,0,0,0,0,,,,
650,subzero-slammer--physical,7,15,,1,,0,2,TRUE,,1,,0,damage,0,none,1,1,1,1,0,0,0,0,0,0,,,,
651,subzero-slammer--special,7,15,,1,,0,3,TRUE,,1,,0,damage,0,none,1,1,1,1,0,0,0,0,0,0,,,,
652,devastating-drake--physical,7,16,,1,,0,2,TRUE,,1,,0,damage,0,none,1,1,1,1,0,0,0,0,0,0,,,,
653,devastating-drake--special,7,16,,1,,0,3,TRUE,,1,,0,damage,0,none,1,1,1,1,0,0,0,0,0,0,,,,
654,black-hole-eclipse--physical,7,17,,1,,0,2,TRUE,,1,,0,damage,0,none,1,1,1,1,0,0,0,0,0,0,,,,
655,black-hole-eclipse--special,7,17,,1,,0,3,TRUE,,1,,0,damage,0,none,1,1,1,1,0,0,0,0,0,0,,,,
656,twinkle-tackle--physical,7,18,,1,,0,2,TRUE,,1,,0,damage,0,none,1,1,1,1,0,0,0,0,0,0,,,,
657,twinkle-tackle--special,7,18,,1,,0,3,TRUE,,1,,0,damage,0,none,1,1,1,1,0,0,0,0,0,0,,,,
658,catastropika,7,13,210,1,,0,2,TRUE,,1,,0,damage,0,none,1,1,1,1,0,0,0,0,0,0,contact,,,
659,shore-up,7,5,,10,,0,1,,TRUE,382,,3,heal,0,none,1,1,1,1,0,50,0,0,0,0,snatch; heal,,,
660,first-impression,7,7,90,10,100,2,2,,TRUE,383,,0,damage,0,none,1,1,1,1,0,0,0,0,0,0,contact; protect; mirror,,,
661,baneful-bunker,7,4,,10,,4,1,,TRUE,384,,13,gimmick,0,none,1,1,1,1,0,0,0,0,0,0,,,,
662,spirit-shackle,7,8,80,10,100,0,2,,TRUE,385,,0,damage,0,none,1,1,1,1,0,0,0,0,0,0,protect; mirror,,,
663,darkest-lariat,7,17,85,10,100,0,2,,TRUE,304,,0,damage,0,none,1,1,1,1,0,0,0,0,0,0,contact; protect; mirror,,,
664,sparkling-aria,7,11,90,10,100,0,3,,TRUE,386,,0,damage,0,none,1,1,1,1,0,0,0,0,0,0,protect; mirror; sound; authentic,,,
665,ice-hammer,7,15,100,10,90,0,2,,TRUE,219,100,7,damage+raise,0,none,1,1,1,1,0,0,0,0,0,0,contact; protect; mirror; punch,SPEED,-1,1
666,floral-healing,7,18,,10,,0,1,,TRUE,387,,3,heal,0,none,1,1,1,1,0,50,0,0,0,0,protect; reflectable; heal,,,
667,high-horsepower,7,5,95,10,95,0,2,,,1,,0,damage,0,none,1,1,1,1,0,0,0,0,0,0,contact; protect; mirror,,,
668,strength-sap,7,12,,10,100,0,1,,TRUE,388,100,13,gimmick,0,none,1,1,1,1,0,0,0,0,0,0,protect; reflectable; mirror; heal,ATK,-1,0
669,solar-blade,7,12,125,10,100,0,2,,TRUE,152,,0,damage,0,none,1,1,1,1,0,0,0,0,0,0,contact; charge; protect; mirror,,,
670,leafage,7,12,40,40,100,0,2,,,1,,0,damage,0,none,1,1,1,1,0,0,0,0,0,0,protect; mirror,,,
671,spotlight,7,1,,15,,3,1,,,389,,13,gimmick,0,none,1,1,1,1,0,0,0,0,0,0,protect; reflectable,,,
672,toxic-thread,7,4,,20,100,0,1,,TRUE,390,100,5,ailment.nonv,5,poison,1,1,1,1,0,0,0,100,0,0,protect; reflectable; mirror,SPEED,-1,0
673,laser-focus,7,1,,30,,0,1,,,391,,13,gimmick,0,none,1,1,1,1,0,0,0,0,0,0,snatch,,,
674,gear-up,7,9,,20,,0,1,,,392,,2,net-good-stats,0,none,1,1,1,1,0,0,0,0,0,0,snatch; authentic,,,
675,throat-chop,7,17,80,15,100,0,2,,,393,100,4,damage+ailment.volatile,24,silence,1,1,2,2,0,0,0,100,0,0,contact; protect; mirror,,,
676,pollen-puff,7,7,90,15,100,0,3,,TRUE,394,,0,damage,0,none,1,1,1,1,0,0,0,0,0,0,protect; mirror,,,
677,anchor-shot,7,9,80,20,100,0,2,,TRUE,385,,0,damage,0,none,1,1,1,1,0,0,0,0,0,0,contact; protect; mirror,,,
678,psychic-terrain,7,14,,10,,0,1,,,395,,10,whole-field-effect,0,none,1,1,1,1,0,0,0,0,0,0,non-sky-battle,,,
679,lunge,7,7,80,15,100,0,2,,,396,100,6,damage+lower,0,none,1,1,1,1,0,0,0,0,0,0,contact; protect; mirror,ATK,-1,0
680,fire-lash,7,10,80,15,100,0,2,,TRUE,397,100,6,damage+lower,0,none,1,1,1,1,0,0,0,0,0,0,contact; protect; mirror,DEF,-1,0
681,power-trip,7,17,20,10,100,0,2,,TRUE,306,,0,damage,0,none,1,1,1,1,0,0,0,0,0,0,contact; protect; mirror,,,
682,burn-up,7,10,130,5,100,0,3,,,398,,0,damage,0,none,1,1,1,1,0,0,0,0,0,0,protect; mirror; defrost,,,
683,speed-swap,7,14,,10,,0,1,,,399,,13,gimmick,0,none,1,1,1,1,0,0,0,0,0,0,protect; mirror; authentic,,,
684,smart-strike,7,9,70,10,,0,2,,,79,,0,damage,0,none,1,1,1,1,0,0,0,0,0,0,contact; protect; mirror,,,
685,purify,7,4,,20,,0,1,,TRUE,400,,3,heal,0,none,1,1,1,1,0,50,0,0,0,0,protect; reflectable; heal,,,
686,revelation-dance,7,1,90,15,100,0,3,,TRUE,401,,0,damage,0,none,1,1,1,1,0,0,0,0,0,0,protect; mirror; dance,,,
687,core-enforcer,7,16,100,10,100,0,3,,TRUE,402,,0,damage,0,none,1,1,1,1,0,0,0,0,0,0,protect; mirror,,,
688,trop-kick,7,12,70,15,100,0,2,,TRUE,396,100,6,damage+lower,0,none,1,1,1,1,0,0,0,0,0,0,contact; protect; mirror,,,
689,instruct,7,14,,15,,0,1,,TRUE,403,,13,gimmick,0,none,1,1,1,1,0,0,0,0,0,0,protect; authentic,,,
690,beak-blast,7,3,100,15,100,-3,2,,TRUE,404,,0,damage,0,none,1,1,1,1,0,0,0,0,0,0,protect,,,
691,clanging-scales,7,16,110,5,100,0,3,,TRUE,405,100,7,damage+raise,0,none,1,1,1,1,0,0,0,0,0,0,protect; mirror; sound; authentic,DEF,-1,1
692,dragon-hammer,7,16,90,15,100,0,2,,TRUE,1,,0,damage,0,none,1,1,1,1,0,0,0,0,0,0,contact; protect; mirror,,,
693,brutal-swing,7,17,60,20,100,0,2,,,406,,0,damage,0,none,1,1,1,1,0,0,0,0,0,0,contact; protect; mirror,,,
694,aurora-veil,7,15,,20,,0,1,,,407,,11,field-effect,0,none,1,1,1,1,0,0,0,0,0,0,snatch,,,
695,sinister-arrow-raid,7,8,180,1,,0,2,TRUE,,1,,0,damage,0,none,1,1,1,1,0,0,0,0,0,0,,,,
696,malicious-moonsault,7,17,180,1,,0,2,TRUE,,1,,0,damage,0,none,1,1,1,1,0,0,0,0,0,0,contact,,,
697,oceanic-operetta,7,11,195,1,,0,3,TRUE,,1,,0,damage,0,none,1,1,1,1,0,0,0,0,0,0,,,,
698,guardian-of-alola,7,18,,1,,0,3,TRUE,,413,,0,damage,0,none,1,1,1,1,0,0,0,0,0,0,,,,
699,soul-stealing-7-star-strike,7,8,195,1,,0,2,TRUE,,1,,0,damage,0,none,1,1,1,1,0,0,0,0,0,0,contact,,,
700,stoked-sparksurfer,7,13,175,1,,0,3,TRUE,,7,100,4,damage+ailment.nonv,1,paralysis,1,1,1,1,0,0,0,100,0,0,,,,
701,pulverizing-pancake,7,1,210,1,,0,2,TRUE,,1,,0,damage,0,none,1,1,1,1,0,0,0,0,0,0,contact,,,
702,extreme-evoboost,7,1,,1,,0,1,TRUE,,414,100,2,net-good-stats,0,none,1,1,1,1,0,0,0,0,0,0,,,,
703,genesis-supernova,7,14,185,1,,0,3,TRUE,,415,,0,damage,0,none,1,1,1,1,0,0,0,0,0,0,,,,
704,shell-trap,7,10,150,5,100,-3,3,,TRUE,408,,0,damage,0,none,1,1,1,1,0,0,0,0,0,0,protect,,,
705,fleur-cannon,7,18,130,5,90,0,3,,TRUE,205,100,7,damage+raise,0,none,1,1,1,1,0,0,0,0,0,0,protect; mirror,,,
706,psychic-fangs,7,14,85,10,100,0,2,,TRUE,187,,0,damage,0,none,1,1,1,1,0,0,0,0,0,0,contact; protect; mirror,,,
707,stomping-tantrum,7,5,75,10,100,0,2,,,409,,0,damage,0,none,1,1,1,1,0,0,0,0,0,0,contact; protect; mirror,,,
708,shadow-bone,7,8,85,10,100,0,2,,TRUE,70,20,6,damage+lower,0,none,1,1,1,1,0,0,0,0,0,0,protect; mirror,DEF,-1,0
709,accelerock,7,6,40,20,100,1,2,,TRUE,104,,0,damage,0,none,1,1,1,1,0,0,0,0,0,0,contact; protect; mirror,,,
710,liquidation,7,11,85,10,100,0,2,,,70,20,6,damage+lower,0,none,1,1,1,1,0,0,0,0,0,0,contact; protect; mirror,DEF,-1,0
711,prismatic-laser,7,14,160,10,100,0,3,,TRUE,81,,0,damage,0,none,1,1,1,1,0,0,0,0,0,0,recharge; protect; mirror,,,
712,spectral-thief,7,8,90,10,100,0,2,,TRUE,410,,0,damage,0,none,1,1,1,1,0,0,0,0,0,0,contact; protect; mirror; authentic,,,
713,sunsteel-strike,7,9,100,5,100,0,2,,TRUE,411,,0,damage,0,none,1,1,1,1,0,0,0,0,0,0,contact; protect; mirror,,,
714,moongeist-beam,7,8,100,5,100,0,3,,TRUE,411,,0,damage,0,none,1,1,1,1,0,0,0,0,0,0,protect; mirror,,,
715,tearful-look,7,1,,20,,0,1,,,412,100,2,net-good-stats,0,none,1,1,1,1,0,0,0,0,0,0,reflectable; mirror,ATK; SPATK,-1; -1,0
716,zing-zap,7,13,80,10,100,0,2,,TRUE,32,30,0,damage,0,none,1,1,1,1,0,0,0,0,30,0,contact; protect; mirror,,,
717,natures-madness,7,18,,10,90,0,3,,TRUE,41,,0,damage,0,none,1,1,1,1,0,0,0,0,0,0,protect; mirror,,,
718,multi-attack,7,1,90,10,100,0,2,,TRUE,269,,0,damage,0,none,1,1,1,1,0,0,0,0,0,0,contact; protect; mirror,,,
719,10-000-000-volt-thunderbolt,7,13,195,1,,0,3,TRUE,,1,,0,damage,0,none,1,1,1,1,0,0,2,0,0,0,,,,
720,mind-blown,7,10,150,5,100,0,3,,TRUE,420,,0,damage,0,none,1,1,1,1,0,0,0,0,0,0,protect; mirror,,,
721,plasma-fists,7,13,100,15,100,0,2,,TRUE,1,,0,damage,0,none,1,1,1,1,0,0,0,0,0,0,contact; protect; mirror; punch,,,
722,photon-geyser,7,14,100,5,100,0,3,,TRUE,1,,0,damage,0,none,1,1,1,1,0,0,0,0,0,0,protect; mirror,,,
723,light-that-burns-the-sky,7,14,200,1,,0,3,TRUE,,416,,0,damage,0,none,1,1,1,1,0,0,0,0,0,0,,,,
724,searing-sunraze-smash,7,9,200,1,,0,2,TRUE,,411,,0,damage,0,none,1,1,1,1,0,0,0,0,0,0,contact,,,
725,menacing-moonraze-maelstrom,7,8,200,1,,0,3,TRUE,,411,,0,damage,0,none,1,1,1,1,0,0,0,0,0,0,,,,
726,lets-snuggle-forever,7,18,190,1,,0,2,TRUE,,417,,0,damage,0,none,1,1,1,1,0,0,0,0,0,0,contact,,,
727,splintered-stormshards,7,6,190,1,,0,2,TRUE,,418,,0,damage,0,none,1,1,1,1,0,0,0,0,0,0,,,,
728,clangorous-soulblaze,7,16,185,1,,0,3,TRUE,,419,100,7,damage+raise,0,none,1,1,1,1,0,0,0,0,0,0,sound; authentic,,,
