1,bulbasaur,Grass,Poison,45,49,49,65,65,45,1,FALSE,FALSE,FALSE,FALSE,,65,,34
2,ivysaur,Grass,Poison,60,62,63,80,80,60,1,FALSE,FALSE,FALSE,FALSE,,65,,34
3,venusaur,Grass,Poison,80,82,83,100,100,80,1,FALSE,TRUE,FALSE,TRUE,,65,,34
10033,Mega Venusaur,Grass,Poison,80,100,123,122,120,80,1,FALSE,FALSE,TRUE,FALSE,3,47,,
4,charmander,Fire,,39,52,43,60,50,65,1,FALSE,FALSE,FALSE,FALSE,,66,,94
5,charmeleon,Fire,,58,64,58,80,65,80,1,FALSE,FALSE,FALSE,FALSE,,66,,94
6,charizard,Fire,Flying,78,84,78,109,85,100,1,FALSE,TRUE,FALSE,TRUE,,66,,94
10034,Mega Charizard X,Fire,Dragon,78,130,111,130,85,100,1,FALSE,FALSE,TRUE,FALSE,6,181,,
10035,Mega Charizard Y,Fire,Flying,78,104,78,159,115,100,1,FALSE,FALSE,TRUE,FALSE,6,70,,
7,squirtle,Water,,44,48,65,50,64,43,1,FALSE,FALSE,FALSE,FALSE,,67,,44
8,wartortle,Water,,59,63,80,65,80,58,1,FALSE,FALSE,FALSE,FALSE,,67,,44
9,blastoise,Water,,79,83,100,85,105,78,1,FALSE,TRUE,FALSE,TRUE,,67,,44
10036,Mega Blastoise,Water,,79,103,120,135,115,78,1,FALSE,FALSE,TRUE,FALSE,9,178,,
10,caterpie,Bug,,45,30,35,20,20,45,1,FALSE,FALSE,FALSE,FALSE,,19,,50
11,metapod,Bug,,50,20,55,25,25,30,1,FALSE,FALSE,FALSE,FALSE,,61,,
12,butterfree,Bug,Flying,60,45,50,90,80,70,1,FALSE,TRUE,FALSE,FALSE,,14,,110
13,weedle,Bug,Poison,40,35,30,20,20,50,1,FALSE,FALSE,FALSE,FALSE,,19,,50
14,kakuna,Bug,Poison,45,25,50,25,25,35,1,FALSE,FALSE,FALSE,FALSE,,61,,
15,beedrill,Bug,Poison,65,90,40,45,80,75,1,FALSE,TRUE,FALSE,TRUE,,68,,97
10090,Mega Beedrill,Bug,Poison,65,150,40,15,80,145,1,FALSE,FALSE,TRUE,FALSE,15,91,,
16,pidgey,Normal,Flying,40,45,40,35,35,56,1,FALSE,FALSE,FALSE,FALSE,,51,77,145
17,pidgeotto,Normal,Flying,63,60,55,50,50,71,1,FALSE,FALSE,FALSE,FALSE,,51,77,145
18,pidgeot,Normal,Flying,83,80,75,70,70,101,1,FALSE,TRUE,FALSE,TRUE,,51,77,145
10073,Mega Pidgeot,Normal,Flying,83,80,80,135,80,121,1,FALSE,FALSE,TRUE,FALSE,18,99,,
19,rattata,Normal,,30,56,35,25,35,72,1,FALSE,FALSE,FALSE,FALSE,,50,62,55
20,raticate,Normal,,55,81,60,50,70,97,1,FALSE,TRUE,FALSE,FALSE,,50,62,55
21,spearow,Normal,Flying,40,60,30,31,31,70,1,FALSE,FALSE,FALSE,FALSE,,51,,97
22,fearow,Normal,Flying,65,90,65,61,61,100,1,FALSE,TRUE,FALSE,FALSE,,51,,97
23,ekans,Poison,,35,60,44,40,54,55,1,FALSE,FALSE,FALSE,FALSE,,22,61,127
24,arbok,Poison,,60,95,69,65,79,80,1,FALSE,TRUE,FALSE,FALSE,,22,61,127
25,pikachu,Electric,,35,55,40,50,50,90,1,FALSE,FALSE,FALSE,FALSE,,9,,31
26,raichu,Electric,,60,90,55,90,80,110,1,FALSE,TRUE,FALSE,FALSE,,9,,31
27,sandshrew,Ground,,50,75,85,20,30,40,1,FALSE,FALSE,FALSE,FALSE,,8,,146
28,sandslash,Ground,,75,100,110,45,55,65,1,FALSE,TRUE,FALSE,FALSE,,8,,146
29,nidoran-f,Poison,,55,47,52,40,40,41,1,FALSE,FALSE,FALSE,FALSE,,38,79,55
30,nidorina,Poison,,70,62,67,55,55,56,1,FALSE,FALSE,FALSE,FALSE,,38,79,55
31,nidoqueen,Poison,Ground,90,92,87,75,85,76,1,FALSE,TRUE,FALSE,FALSE,,38,79,125
32,nidoran-m,Poison,,46,57,40,40,40,50,1,FALSE,FALSE,FALSE,FALSE,,38,79,55
33,nidorino,Poison,,61,72,57,55,55,65,1,FALSE,FALSE,FALSE,FALSE,,38,79,55
34,nidoking,Poison,Ground,81,102,77,85,75,85,1,FALSE,TRUE,FALSE,FALSE,,38,79,125
35,cleFairy,Fairy,,70,45,48,60,65,35,1,FALSE,FALSE,FALSE,FALSE,,56,98,132
36,clefable,Fairy,,95,70,73,95,90,60,1,FALSE,TRUE,FALSE,FALSE,,56,98,109
37,vulpix,Fire,,38,41,40,50,65,65,1,FALSE,FALSE,FALSE,FALSE,,18,,70
38,ninetales,Fire,,73,76,75,81,100,100,1,FALSE,TRUE,FALSE,FALSE,,18,,70
39,jigglypuff,Normal,Fairy,115,45,20,45,25,20,1,FALSE,FALSE,FALSE,FALSE,,56,172,132
40,wigglytuff,Normal,Fairy,140,70,45,85,50,45,1,FALSE,TRUE,FALSE,FALSE,,56,172,119
41,zubat,Poison,Flying,40,45,35,30,40,55,1,FALSE,FALSE,FALSE,FALSE,,39,,151
42,golbat,Poison,Flying,75,80,70,65,75,90,1,FALSE,FALSE,FALSE,FALSE,,39,,151
43,oddish,Grass,Poison,45,50,55,75,65,30,1,FALSE,FALSE,FALSE,FALSE,,34,,50
44,gloom,Grass,Poison,60,65,70,85,75,40,1,FALSE,FALSE,FALSE,FALSE,,34,,1
45,vileplume,Grass,Poison,75,80,85,110,90,50,1,FALSE,TRUE,FALSE,FALSE,,34,,27
46,paras,Bug,Grass,35,70,55,45,55,25,1,FALSE,FALSE,FALSE,FALSE,,27,87,6
47,parasect,Bug,Grass,60,95,80,60,80,30,1,FALSE,TRUE,FALSE,FALSE,,27,87,6
48,venonat,Bug,Poison,60,55,50,40,55,45,1,FALSE,FALSE,FALSE,FALSE,,14,110,50
49,venomoth,Bug,Poison,70,65,60,90,75,90,1,FALSE,TRUE,FALSE,FALSE,,19,110,147
50,diglett,Ground,,10,55,25,35,45,95,1,FALSE,FALSE,FALSE,FALSE,,8,71,159
51,dugtrio,Ground,,35,100,50,50,70,120,1,FALSE,TRUE,FALSE,FALSE,,8,71,159
52,meowth,Normal,,40,45,35,40,40,90,1,FALSE,FALSE,FALSE,FALSE,,53,101,127
53,persian,Normal,,65,70,60,65,65,115,1,FALSE,TRUE,FALSE,FALSE,,7,101,127
54,psyduck,Water,,50,52,48,65,50,55,1,FALSE,FALSE,FALSE,FALSE,,6,13,33
55,golduck,Water,,80,82,78,95,80,85,1,FALSE,TRUE,FALSE,FALSE,,6,13,33
56,mankey,Fighting,,40,80,35,35,45,70,1,FALSE,FALSE,FALSE,FALSE,,72,83,128
57,primeape,Fighting,,65,105,60,60,70,95,1,FALSE,TRUE,FALSE,FALSE,,72,83,128
58,growlithe,Fire,,55,70,45,70,50,60,1,FALSE,FALSE,FALSE,FALSE,,22,18,154
59,arcanine,Fire,,90,110,80,100,80,95,1,FALSE,TRUE,FALSE,FALSE,,22,18,154
60,poliwag,Water,,40,50,40,40,40,90,1,FALSE,FALSE,FALSE,FALSE,,11,6,33
61,poliwhirl,Water,,65,65,65,50,50,90,1,FALSE,FALSE,FALSE,FALSE,,11,6,33
62,poliwrath,Water,Fighting,90,95,95,70,90,70,1,FALSE,TRUE,FALSE,FALSE,,11,6,33
63,abra,Psychic,,25,20,15,105,55,90,1,FALSE,FALSE,FALSE,FALSE,,28,39,98
64,kadabra,Psychic,,40,35,30,120,70,105,1,FALSE,FALSE,FALSE,FALSE,,28,39,98
65,alakazam,Psychic,,55,50,45,135,95,120,1,FALSE,TRUE,FALSE,TRUE,,28,39,98
10037,Mega Alakazam,Psychic,,55,50,65,175,95,150,1,FALSE,FALSE,TRUE,FALSE,65,36,,
66,machop,Fighting,,70,80,50,35,35,35,1,FALSE,FALSE,FALSE,FALSE,,62,99,80
67,machoke,Fighting,,80,100,70,50,60,45,1,FALSE,FALSE,FALSE,FALSE,,62,99,80
68,machamp,Fighting,,90,130,80,65,85,55,1,FALSE,TRUE,FALSE,FALSE,,62,99,80
69,bellsprout,Grass,Poison,50,75,35,70,30,40,1,FALSE,FALSE,FALSE,FALSE,,34,,82
70,weepinbell,Grass,Poison,65,90,50,85,45,55,1,FALSE,FALSE,FALSE,FALSE,,34,,82
71,victreebel,Grass,Poison,80,105,65,100,70,70,1,FALSE,TRUE,FALSE,FALSE,,34,,82
72,tentacool,Water,Poison,40,40,35,50,100,70,1,FALSE,FALSE,FALSE,FALSE,,29,64,44
73,tentacruel,Water,Poison,80,70,65,80,120,100,1,FALSE,TRUE,FALSE,FALSE,,29,64,44
74,geodude,Rock,Ground,40,80,100,30,30,20,1,FALSE,FALSE,FALSE,FALSE,,69,5,8
75,graveler,Rock,Ground,55,95,115,45,45,35,1,FALSE,FALSE,FALSE,FALSE,,69,5,8
76,golem,Rock,Ground,80,120,130,55,65,45,1,FALSE,TRUE,FALSE,FALSE,,69,5,8
77,ponyta,Fire,,50,85,55,65,65,90,1,FALSE,FALSE,FALSE,FALSE,,50,18,49
78,rapidash,Fire,,65,100,70,80,80,105,1,FALSE,TRUE,FALSE,FALSE,,50,18,49
79,slowpoke,Water,Psychic,90,65,65,40,40,15,1,FALSE,FALSE,FALSE,FALSE,,12,20,144
80,slowbro,Water,Psychic,95,75,110,100,80,30,1,FALSE,TRUE,FALSE,TRUE,,12,20,144
10071,Mega Slowbro,Water,Psychic,95,75,180,130,80,30,1,FALSE,FALSE,TRUE,FALSE,80,75,,
81,magnemite,Electric,Steel,25,35,70,95,55,45,1,FALSE,FALSE,FALSE,FALSE,,42,5,148
82,magneton,Electric,Steel,50,60,95,120,70,70,1,FALSE,FALSE,FALSE,FALSE,,42,5,148
83,farfetchd,Normal,Flying,52,90,55,58,62,60,1,FALSE,TRUE,FALSE,FALSE,,51,39,128
84,doduo,Normal,Flying,35,85,45,35,35,75,1,FALSE,FALSE,FALSE,FALSE,,50,48,77
85,dodrio,Normal,Flying,60,110,70,60,60,110,1,FALSE,TRUE,FALSE,FALSE,,50,48,77
86,seel,Water,,65,45,55,45,70,45,1,FALSE,FALSE,FALSE,FALSE,,47,93,115
87,dewgong,Water,Ice,90,70,80,70,95,70,1,FALSE,TRUE,FALSE,FALSE,,47,93,115
88,grimer,Poison,,80,80,50,40,50,25,1,FALSE,FALSE,FALSE,FALSE,,1,60,143
89,muk,Poison,,105,105,75,65,100,50,1,FALSE,TRUE,FALSE,FALSE,,1,60,143
90,shellder,Water,,30,65,100,45,25,40,1,FALSE,FALSE,FALSE,FALSE,,75,92,142
91,cloyster,Water,Ice,50,95,180,85,45,70,1,FALSE,TRUE,FALSE,FALSE,,75,92,142
92,gastly,Ghost,Poison,30,35,30,100,35,80,1,FALSE,FALSE,FALSE,FALSE,,26,,
93,haunter,Ghost,Poison,45,50,45,115,55,95,1,FALSE,FALSE,FALSE,FALSE,,26,,
94,gengar,Ghost,Poison,60,65,60,130,75,110,1,FALSE,TRUE,FALSE,TRUE,,130,,
10038,Mega Gengar,Ghost,Poison,60,65,80,170,95,130,1,FALSE,FALSE,TRUE,FALSE,94,23,,
95,onix,Rock,Ground,35,45,160,30,45,70,1,FALSE,FALSE,FALSE,FALSE,,69,5,133
96,drowzee,Psychic,,60,48,45,43,90,42,1,FALSE,FALSE,FALSE,FALSE,,15,108,39
97,hypno,Psychic,,85,73,70,73,115,67,1,FALSE,TRUE,FALSE,FALSE,,15,108,39
98,krabby,Water,,30,105,90,25,25,50,1,FALSE,FALSE,FALSE,FALSE,,52,75,125
99,kingler,Water,,55,130,115,50,50,75,1,FALSE,TRUE,FALSE,FALSE,,52,75,125
100,voltorb,Electric,,40,30,50,55,55,100,1,FALSE,FALSE,FALSE,FALSE,,43,9,106
101,electrode,Electric,,60,50,70,80,80,150,1,FALSE,TRUE,FALSE,FALSE,,43,9,106
102,exeggcute,Grass,Psychic,60,40,80,60,45,40,1,FALSE,FALSE,FALSE,FALSE,,34,,139
103,exeggutor,Grass,Psychic,95,95,85,125,75,55,1,FALSE,TRUE,FALSE,FALSE,,34,,139
104,cubone,Ground,,50,50,95,40,50,35,1,FALSE,FALSE,FALSE,FALSE,,69,31,4
105,marowak,Ground,,60,80,110,50,80,45,1,FALSE,TRUE,FALSE,FALSE,,69,31,4
106,hitmonlee,Fighting,,50,120,53,35,110,87,1,FALSE,TRUE,FALSE,FALSE,,7,120,84
107,hitmonchan,Fighting,,50,105,79,35,110,76,1,FALSE,TRUE,FALSE,FALSE,,51,89,39
108,lickitung,Normal,,90,55,75,60,75,30,1,FALSE,FALSE,FALSE,FALSE,,20,12,13
109,koffing,Poison,,40,65,95,60,45,35,1,FALSE,FALSE,FALSE,FALSE,,26,,
110,weezing,Poison,,65,90,120,85,70,60,1,FALSE,TRUE,FALSE,FALSE,,26,,
111,rhyhorn,Ground,Rock,80,85,95,30,30,25,1,FALSE,FALSE,FALSE,FALSE,,31,69,120
112,rhydon,Ground,Rock,105,130,120,45,45,40,1,FALSE,FALSE,FALSE,FALSE,,31,69,120
113,chansey,Normal,,250,5,5,35,105,50,1,FALSE,FALSE,FALSE,FALSE,,30,32,131
114,tangela,Grass,,65,55,115,100,40,60,1,FALSE,FALSE,FALSE,FALSE,,34,102,144
115,kangaskhan,Normal,,105,95,80,40,80,90,1,FALSE,TRUE,FALSE,TRUE,,48,113,39
10039,Mega Kangaskhan,Normal,,105,125,100,60,100,100,1,FALSE,FALSE,TRUE,FALSE,115,185,,
116,horsea,Water,,30,40,70,70,25,60,1,FALSE,FALSE,FALSE,FALSE,,33,97,6
117,seadra,Water,,55,65,95,95,45,85,1,FALSE,FALSE,FALSE,FALSE,,38,97,6
118,goldeen,Water,,45,67,60,35,50,63,1,FALSE,FALSE,FALSE,FALSE,,33,41,31
119,seaking,Water,,80,92,65,65,80,68,1,FALSE,TRUE,FALSE,FALSE,,33,41,31
120,staryu,Water,,30,45,55,70,55,85,1,FALSE,FALSE,FALSE,FALSE,,35,30,148
121,starmie,Water,Psychic,60,75,85,100,85,115,1,FALSE,TRUE,FALSE,FALSE,,35,30,148
122,Mr. Mime,Psychic,Fairy,40,45,65,100,120,90,1,FALSE,TRUE,FALSE,FALSE,,43,111,101
123,scyther,Bug,Flying,70,110,80,55,80,105,1,FALSE,FALSE,FALSE,FALSE,,68,101,80
124,jynx,Ice,Psychic,65,50,35,115,95,95,1,FALSE,TRUE,FALSE,FALSE,,12,108,87
125,electabuzz,Electric,,65,83,57,95,85,105,1,FALSE,FALSE,FALSE,FALSE,,9,,72
126,magmar,Fire,,65,95,57,100,85,93,1,FALSE,FALSE,FALSE,FALSE,,49,,72
127,pinsir,Bug,,65,125,100,55,70,85,1,FALSE,TRUE,FALSE,TRUE,,52,104,153
10040,Mega Pinsir,Bug,Flying,65,155,120,65,90,105,1,FALSE,FALSE,TRUE,FALSE,127,184,,
128,tauros,Normal,,75,100,95,40,70,110,1,FALSE,TRUE,FALSE,FALSE,,22,83,125
129,magikarp,Water,,20,10,55,15,20,80,1,FALSE,FALSE,FALSE,FALSE,,33,,155
130,gyarados,Water,Flying,95,125,79,60,100,81,1,FALSE,TRUE,FALSE,TRUE,,22,,153
10041,Mega Gyarados,Water,Dark,95,155,109,70,130,81,1,FALSE,FALSE,TRUE,FALSE,130,104,,
131,lapras,Water,Ice,130,85,80,85,95,60,1,FALSE,TRUE,FALSE,FALSE,,11,75,93
132,ditto,Normal,,48,48,48,48,48,48,1,FALSE,TRUE,FALSE,FALSE,,7,,150
133,eevee,Normal,,55,55,50,45,65,55,1,FALSE,FALSE,FALSE,FALSE,,50,91,107
134,vaporeon,Water,,130,65,60,110,95,65,1,FALSE,TRUE,FALSE,FALSE,,11,,93
135,jolteon,Electric,,65,65,60,110,95,130,1,FALSE,TRUE,FALSE,FALSE,,10,,95
136,flareon,Fire,,65,130,60,95,110,65,1,FALSE,TRUE,FALSE,FALSE,,18,,62
137,porygon,Normal,,65,60,70,85,75,40,1,FALSE,FALSE,FALSE,FALSE,,36,88,148
138,omanyte,Rock,Water,35,40,100,90,55,35,1,FALSE,FALSE,FALSE,FALSE,,33,75,133
139,omastar,Rock,Water,70,60,125,115,70,55,1,FALSE,TRUE,FALSE,FALSE,,33,75,133
140,kabuto,Rock,Water,30,80,90,55,45,55,1,FALSE,FALSE,FALSE,FALSE,,33,4,133
141,kabutops,Rock,Water,60,115,105,65,70,80,1,FALSE,TRUE,FALSE,FALSE,,33,4,133
142,aerodactyl,Rock,Flying,80,105,65,60,75,130,1,FALSE,TRUE,FALSE,TRUE,,69,46,127
10042,Mega Aerodactyl,Rock,Flying,80,135,85,70,95,150,1,FALSE,FALSE,TRUE,FALSE,142,181,,
143,snorlax,Normal,,160,110,65,65,110,30,1,FALSE,TRUE,FALSE,FALSE,,17,47,82
144,articuno,Ice,Flying,90,85,100,95,125,85,1,TRUE,TRUE,FALSE,FALSE,,46,,81
145,zapdos,Electric,Flying,90,90,85,125,90,100,1,TRUE,TRUE,FALSE,FALSE,,46,,9
146,moltres,Fire,Flying,90,100,90,125,85,90,1,TRUE,TRUE,FALSE,FALSE,,46,,49
147,dratini,Dragon,,41,64,45,50,50,50,1,FALSE,FALSE,FALSE,FALSE,,61,,63
148,Dragonair,Dragon,,61,84,65,70,70,70,1,FALSE,FALSE,FALSE,FALSE,,61,,63
149,Dragonite,Dragon,Flying,91,134,95,100,100,80,1,FALSE,TRUE,FALSE,FALSE,,39,,136
150,mewtwo,Psychic,,106,110,90,154,90,130,1,TRUE,TRUE,FALSE,TRUE,,46,,127
10043,Mega Mewtwo X,Psychic,Fighting,106,190,100,154,100,130,1,TRUE,FALSE,TRUE,FALSE,150,80,,
10044,Mega Mewtwo Y,Psychic,,106,150,70,194,120,140,1,TRUE,FALSE,TRUE,FALSE,150,15,,
151,mew,Psychic,,100,100,100,100,100,100,1,TRUE,TRUE,FALSE,FALSE,,28,,
152,chikorita,Grass,,45,49,65,49,65,45,2,FALSE,FALSE,FALSE,FALSE,,65,,102
153,bayleef,Grass,,60,62,80,63,80,60,2,FALSE,FALSE,FALSE,FALSE,,65,,102
154,meganium,Grass,,80,82,100,83,100,80,2,FALSE,TRUE,FALSE,FALSE,,65,,102
155,cyndaquil,Fire,,39,52,43,60,50,65,2,FALSE,FALSE,FALSE,FALSE,,66,,18
156,quilava,Fire,,58,64,58,80,65,80,2,FALSE,FALSE,FALSE,FALSE,,66,,18
157,typhlosion,Fire,,78,84,78,109,85,100,2,FALSE,TRUE,FALSE,FALSE,,66,,18
158,totodile,Water,,50,65,64,44,48,43,2,FALSE,FALSE,FALSE,FALSE,,67,,125
159,croconaw,Water,,65,80,80,59,63,58,2,FALSE,FALSE,FALSE,FALSE,,67,,125
160,feraligatr,Water,,85,105,100,79,83,78,2,FALSE,TRUE,FALSE,FALSE,,67,,125
161,sentret,Normal,,35,46,34,35,45,20,2,FALSE,FALSE,FALSE,FALSE,,50,51,119
162,furret,Normal,,85,76,64,45,55,90,2,FALSE,TRUE,FALSE,FALSE,,50,51,119
163,hoothoot,Normal,Flying,60,30,30,36,56,50,2,FALSE,FALSE,FALSE,FALSE,,15,51,110
164,noctowl,Normal,Flying,100,50,50,86,96,70,2,FALSE,TRUE,FALSE,FALSE,,15,51,110
165,ledyba,Bug,Flying,40,20,30,40,80,55,2,FALSE,FALSE,FALSE,FALSE,,68,48,155
166,ledian,Bug,Flying,55,35,50,55,110,85,2,FALSE,TRUE,FALSE,FALSE,,68,48,89
167,spinarak,Bug,Poison,40,60,40,40,40,30,2,FALSE,FALSE,FALSE,FALSE,,68,15,97
168,ariados,Bug,Poison,70,90,70,60,70,40,2,FALSE,TRUE,FALSE,FALSE,,68,15,97
169,crobat,Poison,Flying,85,90,80,70,80,130,2,FALSE,TRUE,FALSE,FALSE,,39,,151
170,chinchou,Water,Electric,75,38,38,56,56,67,2,FALSE,FALSE,FALSE,FALSE,,10,35,11
171,lanturn,Water,Electric,125,58,58,76,76,67,2,FALSE,TRUE,FALSE,FALSE,,10,35,11
172,pichu,Electric,,20,40,15,35,35,60,2,FALSE,FALSE,FALSE,FALSE,,9,,31
173,cleffa,Fairy,,50,25,28,45,55,15,2,FALSE,FALSE,FALSE,FALSE,,56,98,132
174,igglybuff,Normal,Fairy,90,30,15,40,20,15,2,FALSE,FALSE,FALSE,FALSE,,56,172,132
175,togepi,Fairy,,35,20,65,40,65,20,2,FALSE,FALSE,FALSE,FALSE,,55,32,105
176,togetic,Fairy,Flying,55,40,85,80,105,40,2,FALSE,FALSE,FALSE,FALSE,,55,32,105
177,natu,Psychic,Flying,40,50,45,70,45,70,2,FALSE,FALSE,FALSE,FALSE,,28,48,156
178,xatu,Psychic,Flying,65,75,70,95,70,95,2,FALSE,TRUE,FALSE,FALSE,,28,48,156
179,mareep,Electric,,55,40,40,65,45,35,2,FALSE,FALSE,FALSE,FALSE,,9,,57
180,flaaffy,Electric,,70,55,55,80,60,45,2,FALSE,FALSE,FALSE,FALSE,,9,,57
181,ampharos,Electric,,90,75,85,115,90,55,2,FALSE,TRUE,FALSE,TRUE,,9,,57
10045,Mega Ampharos,Electric,Dragon,90,95,105,165,110,45,2,FALSE,FALSE,TRUE,FALSE,181,104,,
182,bellossom,Grass,,75,80,95,90,100,50,2,FALSE,TRUE,FALSE,FALSE,,34,,131
183,marill,Water,Fairy,70,20,50,20,50,40,2,FALSE,FALSE,FALSE,FALSE,,47,37,157
184,azumarill,Water,Fairy,100,50,80,60,80,50,2,FALSE,TRUE,FALSE,FALSE,,47,37,157
185,sudowoodo,Rock,,70,100,115,30,65,30,2,FALSE,TRUE,FALSE,FALSE,,5,69,155
186,politoed,Water,,90,75,75,90,100,70,2,FALSE,TRUE,FALSE,FALSE,,11,6,2
187,hoppip,Grass,Flying,35,35,40,35,55,50,2,FALSE,FALSE,FALSE,FALSE,,34,102,151
188,skiploom,Grass,Flying,55,45,50,45,65,80,2,FALSE,FALSE,FALSE,FALSE,,34,102,151
189,jumpluff,Grass,Flying,75,55,70,55,95,110,2,FALSE,TRUE,FALSE,FALSE,,34,102,151
190,aipom,Normal,,55,70,55,40,55,85,2,FALSE,FALSE,FALSE,FALSE,,50,53,92
191,sunkern,Grass,,30,30,30,30,30,30,2,FALSE,FALSE,FALSE,FALSE,,34,94,48
192,sunflora,Grass,,75,75,55,105,85,30,2,FALSE,TRUE,FALSE,FALSE,,34,94,48
193,yanma,Bug,Flying,65,65,45,75,45,95,2,FALSE,FALSE,FALSE,FALSE,,3,14,119
194,wooper,Water,Ground,55,45,45,25,25,15,2,FALSE,FALSE,FALSE,FALSE,,6,11,109
195,quagsire,Water,Ground,95,85,85,65,65,35,2,FALSE,TRUE,FALSE,FALSE,,6,11,109
196,espeon,Psychic,,65,65,60,130,95,110,2,FALSE,TRUE,FALSE,FALSE,,28,,156
197,umbreon,Dark,,95,65,110,60,130,65,2,FALSE,TRUE,FALSE,FALSE,,28,,39
198,murkrow,Dark,Flying,60,85,42,85,42,91,2,FALSE,FALSE,FALSE,FALSE,,15,105,158
199,slowking,Water,Psychic,95,75,80,100,110,30,2,FALSE,TRUE,FALSE,FALSE,,12,20,144
200,misdreavus,Ghost,,60,60,60,85,85,85,2,FALSE,FALSE,FALSE,FALSE,,26,,
201,unown,Psychic,,48,72,48,72,48,48,2,FALSE,TRUE,FALSE,FALSE,,26,,
202,wobbuffet,Psychic,,190,33,58,33,58,33,2,FALSE,TRUE,FALSE,FALSE,,23,,140
203,girafarig,Normal,Psychic,70,80,65,90,65,85,2,FALSE,TRUE,FALSE,FALSE,,39,48,157
204,pineco,Bug,,50,65,90,35,35,15,2,FALSE,FALSE,FALSE,FALSE,,5,,142
205,forretress,Bug,Steel,75,90,140,60,60,40,2,FALSE,TRUE,FALSE,FALSE,,5,,142
206,dunsparce,Normal,,100,70,70,65,65,45,2,FALSE,TRUE,FALSE,FALSE,,32,50,155
207,gligar,Ground,Flying,65,75,105,35,65,85,2,FALSE,FALSE,FALSE,FALSE,,52,8,17
208,Steelix,Steel,Ground,75,85,200,55,65,30,2,FALSE,TRUE,FALSE,TRUE,,69,5,125
10072,Mega Steelix,Steel,Ground,75,125,230,55,95,30,2,FALSE,FALSE,TRUE,FALSE,208,159,,
209,snubbull,Fairy,,60,80,50,40,40,30,2,FALSE,FALSE,FALSE,FALSE,,22,50,155
210,granbull,Fairy,,90,120,75,60,60,45,2,FALSE,TRUE,FALSE,FALSE,,22,95,155
211,qwilfish,Water,Poison,65,95,85,55,55,85,2,FALSE,TRUE,FALSE,FALSE,,38,33,22
212,scizor,Bug,Steel,70,130,100,55,80,65,2,FALSE,TRUE,FALSE,TRUE,,68,101,135
10046,Mega Scizor,Bug,Steel,70,150,140,65,100,75,2,FALSE,FALSE,TRUE,FALSE,212,101,,
213,shuckle,Bug,Rock,20,10,230,10,230,5,2,FALSE,TRUE,FALSE,FALSE,,5,82,126
214,heracross,Bug,Fighting,80,125,75,40,95,85,2,FALSE,TRUE,FALSE,TRUE,,68,62,153
10047,Mega Heracross,Bug,Fighting,80,185,115,40,105,75,2,FALSE,FALSE,TRUE,FALSE,214,92,,
215,sneasel,Dark,Ice,55,95,55,35,75,115,2,FALSE,FALSE,FALSE,FALSE,,39,51,124
216,teddiursa,Normal,,60,80,50,50,50,40,2,FALSE,FALSE,FALSE,FALSE,,53,95,118
217,ursaring,Normal,,90,130,75,75,75,55,2,FALSE,TRUE,FALSE,FALSE,,62,95,127
218,slugma,Fire,,40,40,40,70,40,20,2,FALSE,FALSE,FALSE,FALSE,,40,49,133
219,magcargo,Fire,Rock,60,50,120,90,80,30,2,FALSE,TRUE,FALSE,FALSE,,40,49,133
220,swinub,Ice,Ground,50,50,40,30,30,50,2,FALSE,FALSE,FALSE,FALSE,,12,81,47
221,piloswine,Ice,Ground,100,100,80,60,60,50,2,FALSE,FALSE,FALSE,FALSE,,12,81,47
222,corsola,Water,Rock,65,55,95,65,95,35,2,FALSE,TRUE,FALSE,FALSE,,55,30,144
223,remoraid,Water,,35,65,35,65,35,65,2,FALSE,FALSE,FALSE,FALSE,,55,97,141
224,octillery,Water,,75,105,75,105,75,45,2,FALSE,TRUE,FALSE,FALSE,,21,97,141
225,delibird,Ice,Flying,45,55,45,65,45,75,2,FALSE,TRUE,FALSE,FALSE,,72,55,15
226,mantine,Water,Flying,85,40,70,80,140,70,2,FALSE,TRUE,FALSE,FALSE,,33,11,41
227,skarmory,Steel,Flying,65,80,140,40,70,70,2,FALSE,TRUE,FALSE,FALSE,,51,5,133
228,houndour,Dark,Fire,45,60,30,80,50,65,2,FALSE,FALSE,FALSE,FALSE,,48,18,127
229,houndoom,Dark,Fire,75,90,50,110,80,95,2,FALSE,TRUE,FALSE,TRUE,,48,18,127
10048,Mega Houndoom,Dark,Fire,75,90,90,140,90,115,2,FALSE,FALSE,TRUE,FALSE,229,94,,
230,kingdra,Water,Dragon,75,95,95,95,95,85,2,FALSE,TRUE,FALSE,FALSE,,33,97,6
231,phanpy,Ground,,90,60,60,40,40,40,2,FALSE,FALSE,FALSE,FALSE,,53,,8
232,donphan,Ground,,90,120,120,60,60,50,2,FALSE,TRUE,FALSE,FALSE,,5,,8
233,porygon2,Normal,,85,80,90,105,95,60,2,FALSE,FALSE,FALSE,FALSE,,36,88,148
234,stantler,Normal,,73,95,62,85,65,85,2,FALSE,TRUE,FALSE,FALSE,,22,119,157
235,smeargle,Normal,,55,20,35,20,45,75,2,FALSE,TRUE,FALSE,FALSE,,20,101,141
236,tyrogue,Fighting,,35,35,35,35,35,35,2,FALSE,FALSE,FALSE,FALSE,,62,80,72
237,hitmontop,Fighting,,50,95,95,35,110,70,2,FALSE,TRUE,FALSE,FALSE,,22,101,80
238,smoochum,Ice,Psychic,45,30,15,85,65,65,2,FALSE,FALSE,FALSE,FALSE,,12,108,93
239,elekid,Electric,,45,63,37,65,55,95,2,FALSE,FALSE,FALSE,FALSE,,9,,72
240,magby,Fire,,45,75,37,70,55,83,2,FALSE,FALSE,FALSE,FALSE,,49,,72
241,miltank,Normal,,95,80,105,40,70,100,2,FALSE,TRUE,FALSE,FALSE,,47,113,157
242,Blissey,Normal,,255,10,10,75,135,55,2,FALSE,TRUE,FALSE,FALSE,,30,32,131
243,raikou,Electric,,90,85,75,115,100,115,2,TRUE,TRUE,FALSE,FALSE,,46,,39
244,entei,Fire,,115,115,85,90,75,100,2,TRUE,TRUE,FALSE,FALSE,,46,,39
245,suicune,Water,,100,75,115,90,115,85,2,TRUE,TRUE,FALSE,FALSE,,46,,39
246,larvitar,Rock,Ground,50,64,50,45,50,41,2,FALSE,FALSE,FALSE,FALSE,,62,,8
247,pupitar,Rock,Ground,70,84,70,65,70,51,2,FALSE,FALSE,FALSE,FALSE,,61,,
248,tyranitar,Rock,Dark,100,134,110,95,100,61,2,FALSE,TRUE,FALSE,TRUE,,45,,127
10049,Mega Tyranitar,Rock,Dark,100,164,150,95,120,71,2,FALSE,FALSE,TRUE,FALSE,248,45,,
249,lugia,Psychic,Flying,106,90,130,90,154,110,2,TRUE,TRUE,FALSE,FALSE,,46,,136
250,ho-oh,Fire,Flying,106,130,90,110,154,90,2,TRUE,TRUE,FALSE,FALSE,,46,,144
251,celebi,Psychic,Grass,100,100,100,100,100,100,2,TRUE,TRUE,FALSE,FALSE,,30,,
252,treecko,Grass,,40,45,35,65,55,70,3,FALSE,FALSE,FALSE,FALSE,,65,,84
253,grovyle,Grass,,50,65,45,85,65,95,3,FALSE,FALSE,FALSE,FALSE,,65,,84
254,sceptile,Grass,,70,85,65,105,85,120,3,FALSE,TRUE,FALSE,TRUE,,65,,84
10065,Mega Sceptile,Grass,Dragon,70,110,75,145,85,145,3,FALSE,FALSE,TRUE,FALSE,254,31,,
255,torchic,Fire,,45,60,40,70,50,45,3,FALSE,FALSE,FALSE,FALSE,,66,,3
256,combusken,Fire,Fighting,60,85,60,85,60,55,3,FALSE,FALSE,FALSE,FALSE,,66,,3
257,blaziken,Fire,Fighting,80,120,70,110,70,80,3,FALSE,TRUE,FALSE,TRUE,,66,,3
10050,Mega Blaziken,Fire,Fighting,80,160,80,130,80,100,3,FALSE,FALSE,TRUE,FALSE,257,3,,
258,mudkip,Water,,50,70,50,50,50,40,3,FALSE,FALSE,FALSE,FALSE,,67,,6
259,marshtomp,Water,Ground,70,85,70,60,70,50,3,FALSE,FALSE,FALSE,FALSE,,67,,6
260,swampert,Water,Ground,100,110,90,85,90,60,3,FALSE,TRUE,FALSE,TRUE,,67,,6
10064,Mega Swampert,Water,Ground,100,150,110,95,110,70,3,FALSE,FALSE,TRUE,FALSE,260,33,,
261,poochyena,Dark,,35,55,35,30,30,35,3,FALSE,FALSE,FALSE,FALSE,,50,95,155
262,mightyena,Dark,,70,90,70,60,60,70,3,FALSE,TRUE,FALSE,FALSE,,22,95,153
263,zigzagoon,Normal,,38,30,41,30,41,60,3,FALSE,FALSE,FALSE,FALSE,,53,82,95
264,linoone,Normal,,78,70,61,50,61,100,3,FALSE,TRUE,FALSE,FALSE,,53,82,95
265,wurmple,Bug,,45,45,35,20,30,20,3,FALSE,FALSE,FALSE,FALSE,,19,,50
266,silcoon,Bug,,50,35,55,25,25,15,3,FALSE,FALSE,FALSE,FALSE,,61,,
267,beautifly,Bug,Flying,60,70,50,100,50,65,3,FALSE,TRUE,FALSE,FALSE,,68,,79
268,cascoon,Bug,,50,35,55,25,25,15,3,FALSE,FALSE,FALSE,FALSE,,61,,
269,dustox,Bug,Poison,60,50,70,50,90,65,3,FALSE,TRUE,FALSE,FALSE,,19,,14
270,lotad,Water,Grass,40,30,30,40,50,30,3,FALSE,FALSE,FALSE,FALSE,,33,44,20
271,lombre,Water,Grass,60,50,50,60,70,50,3,FALSE,FALSE,FALSE,FALSE,,33,44,20
272,ludicolo,Water,Grass,80,70,70,90,100,70,3,FALSE,TRUE,FALSE,FALSE,,33,44,20
273,seedot,Grass,,40,40,50,30,30,30,3,FALSE,FALSE,FALSE,FALSE,,34,48,124
274,nuzleaf,Grass,Dark,70,70,40,60,40,60,3,FALSE,FALSE,FALSE,FALSE,,34,48,124
275,shiftry,Grass,Dark,90,100,60,90,60,80,3,FALSE,TRUE,FALSE,FALSE,,34,48,124
276,taillow,Normal,Flying,40,55,30,30,30,85,3,FALSE,FALSE,FALSE,FALSE,,62,,113
277,swellow,Normal,Flying,60,85,60,75,50,125,3,FALSE,TRUE,FALSE,FALSE,,62,,113
278,wingull,Water,Flying,40,30,30,55,30,85,3,FALSE,FALSE,FALSE,FALSE,,51,93,44
279,pelipper,Water,Flying,60,50,100,95,70,65,3,FALSE,TRUE,FALSE,FALSE,,51,2,44
280,ralts,Psychic,Fairy,28,25,25,45,35,40,3,FALSE,FALSE,FALSE,FALSE,,28,36,140
281,kirlia,Psychic,Fairy,38,35,35,65,55,50,3,FALSE,FALSE,FALSE,FALSE,,28,36,140
282,gardevoir,Psychic,Fairy,68,65,65,125,115,80,3,FALSE,TRUE,FALSE,TRUE,,28,36,140
10051,Mega Gardevoir,Psychic,Fairy,68,85,65,165,135,100,3,FALSE,FALSE,TRUE,FALSE,282,182,,
283,surskit,Bug,Water,40,30,32,50,52,65,3,FALSE,FALSE,FALSE,FALSE,,33,,44
284,masquerain,Bug,Flying,70,60,62,100,82,80,3,FALSE,TRUE,FALSE,FALSE,,22,,127
285,shroomish,Grass,,60,40,60,40,60,35,3,FALSE,FALSE,FALSE,FALSE,,27,90,95
286,breloom,Grass,Fighting,60,130,80,60,60,70,3,FALSE,TRUE,FALSE,FALSE,,27,90,101
287,slakoth,Normal,,60,60,60,35,35,30,3,FALSE,FALSE,FALSE,FALSE,,54,,
288,vigoroth,Normal,,80,80,80,55,55,90,3,FALSE,FALSE,FALSE,FALSE,,72,,
289,slaking,Normal,,150,160,100,95,65,100,3,FALSE,TRUE,FALSE,FALSE,,54,,
290,nincada,Bug,Ground,31,45,90,30,30,40,3,FALSE,FALSE,FALSE,FALSE,,14,,50
291,ninjask,Bug,Flying,61,90,45,50,50,160,3,FALSE,TRUE,FALSE,FALSE,,3,,151
292,shedinja,Bug,Ghost,1,90,45,30,30,40,3,FALSE,TRUE,FALSE,FALSE,,25,,
293,whismur,Normal,,64,51,23,51,23,28,3,FALSE,FALSE,FALSE,FALSE,,43,,155
294,loudred,Normal,,84,71,43,71,43,48,3,FALSE,FALSE,FALSE,FALSE,,43,,113
295,exploud,Normal,,104,91,63,91,73,68,3,FALSE,TRUE,FALSE,FALSE,,43,,113
296,makuhita,Fighting,,72,60,30,20,30,25,3,FALSE,FALSE,FALSE,FALSE,,47,62,125
297,hariyama,Fighting,,144,120,60,40,60,50,3,FALSE,TRUE,FALSE,FALSE,,47,62,125
298,azurill,Normal,Fairy,50,20,40,20,40,20,3,FALSE,FALSE,FALSE,FALSE,,47,37,157
299,nosepass,Rock,,30,45,135,45,90,30,3,FALSE,FALSE,FALSE,FALSE,,5,42,159
300,skitty,Normal,,50,45,45,35,35,50,3,FALSE,FALSE,FALSE,FALSE,,56,96,147
301,delcatty,Normal,,70,65,65,55,55,90,3,FALSE,TRUE,FALSE,FALSE,,56,96,147
302,sableye,Dark,Ghost,50,75,75,65,65,50,3,FALSE,TRUE,FALSE,TRUE,,51,100,158
10066,Mega Sableye,Dark,Ghost,50,85,125,85,115,20,3,FALSE,FALSE,TRUE,FALSE,302,156,,
303,mawile,Steel,Fairy,50,85,85,55,55,50,3,FALSE,TRUE,FALSE,TRUE,,52,22,125
10052,Mega Mawile,Steel,Fairy,50,105,125,55,95,50,3,FALSE,FALSE,TRUE,FALSE,303,37,,
304,aron,Steel,Rock,50,70,100,40,40,30,3,FALSE,FALSE,FALSE,FALSE,,5,69,134
305,lairon,Steel,Rock,60,90,140,50,50,40,3,FALSE,FALSE,FALSE,FALSE,,5,69,134
306,aggron,Steel,Rock,70,110,180,60,60,50,3,FALSE,TRUE,FALSE,TRUE,,5,69,134
10053,Mega Aggron,Steel,,70,140,230,60,80,50,3,FALSE,FALSE,TRUE,FALSE,306,111,,
307,meditite,Fighting,Psychic,30,40,55,40,55,60,3,FALSE,FALSE,FALSE,FALSE,,74,,140
308,medicham,Fighting,Psychic,60,60,75,60,75,80,3,FALSE,TRUE,FALSE,TRUE,,74,,140
10054,Mega Medicham,Fighting,Psychic,60,100,85,80,85,100,3,FALSE,FALSE,TRUE,FALSE,308,74,,
309,electrike,Electric,,40,45,40,65,40,65,3,FALSE,FALSE,FALSE,FALSE,,9,31,58
310,manectric,Electric,,70,75,60,105,60,105,3,FALSE,TRUE,FALSE,TRUE,,9,31,58
10055,Mega Manectric,Electric,,70,75,80,135,80,135,3,FALSE,FALSE,TRUE,FALSE,310,22,,
311,plusle,Electric,,60,50,40,85,75,95,3,FALSE,TRUE,FALSE,FALSE,,57,,31
312,minun,Electric,,60,40,50,75,85,95,3,FALSE,TRUE,FALSE,FALSE,,58,,10
313,volbeat,Bug,,65,73,75,47,85,85,3,FALSE,TRUE,FALSE,FALSE,,35,68,158
314,illumise,Bug,,65,47,75,73,85,85,3,FALSE,TRUE,FALSE,FALSE,,12,110,158
315,roselia,Grass,Poison,50,60,45,100,80,65,3,FALSE,FALSE,FALSE,FALSE,,30,38,102
316,gulpin,Poison,,70,43,53,43,53,40,3,FALSE,FALSE,FALSE,FALSE,,64,60,82
317,swalot,Poison,,100,73,83,73,83,55,3,FALSE,TRUE,FALSE,FALSE,,64,60,82
318,carvanha,Water,Dark,45,90,20,65,20,65,3,FALSE,FALSE,FALSE,FALSE,,24,,3
319,sharpedo,Water,Dark,70,120,40,95,40,95,3,FALSE,TRUE,FALSE,TRUE,,24,,3
10070,Mega Sharpedo,Water,Dark,70,140,70,110,65,105,3,FALSE,FALSE,TRUE,FALSE,319,173,,
320,wailmer,Water,,130,70,35,70,35,60,3,FALSE,FALSE,FALSE,FALSE,,41,12,46
321,wailord,Water,,170,90,45,90,45,60,3,FALSE,TRUE,FALSE,FALSE,,41,12,46
322,numel,Fire,Ground,60,60,40,65,45,35,3,FALSE,FALSE,FALSE,FALSE,,12,86,20
323,camerupt,Fire,Ground,70,100,70,105,75,40,3,FALSE,TRUE,FALSE,TRUE,,40,116,83
10087,Mega Camerupt,Fire,Ground,70,120,100,145,105,20,3,FALSE,FALSE,TRUE,FALSE,323,125,,
324,torkoal,Fire,,70,85,140,85,70,20,3,FALSE,TRUE,FALSE,FALSE,,73,70,75
325,spoink,Psychic,,60,25,35,70,80,60,3,FALSE,FALSE,FALSE,FALSE,,47,20,82
326,grumpig,Psychic,,80,45,65,90,110,80,3,FALSE,TRUE,FALSE,FALSE,,47,20,82
327,spinda,Normal,,60,60,60,60,60,60,3,FALSE,TRUE,FALSE,FALSE,,20,77,126
328,trapinch,Ground,,45,100,45,45,45,10,3,FALSE,FALSE,FALSE,FALSE,,52,71,125
329,vibrava,Ground,Dragon,50,70,50,50,50,70,3,FALSE,FALSE,FALSE,FALSE,,26,,
330,flygon,Ground,Dragon,80,100,80,80,80,100,3,FALSE,TRUE,FALSE,FALSE,,26,,
331,cacnea,Grass,,50,85,40,85,40,35,3,FALSE,FALSE,FALSE,FALSE,,8,,11
332,cacturne,Grass,Dark,70,115,60,115,60,55,3,FALSE,TRUE,FALSE,FALSE,,8,,11
333,swablu,Normal,Flying,45,40,60,40,75,50,3,FALSE,FALSE,FALSE,FALSE,,30,,13
334,altaria,Dragon,Flying,75,70,90,70,105,80,3,FALSE,TRUE,FALSE,TRUE,,30,,13
10067,Mega Altaria,Dragon,Fairy,75,110,110,110,105,80,3,FALSE,FALSE,TRUE,FALSE,334,182,,
335,zangoose,Normal,,73,115,60,60,60,90,3,FALSE,TRUE,FALSE,FALSE,,17,,137
336,seviper,Poison,,73,100,60,100,60,65,3,FALSE,TRUE,FALSE,FALSE,,61,,151
337,lunatone,Rock,Psychic,90,55,65,95,85,70,3,FALSE,TRUE,FALSE,FALSE,,26,,
338,solrock,Rock,Psychic,90,95,85,55,65,70,3,FALSE,TRUE,FALSE,FALSE,,26,,
339,barboach,Water,Ground,50,48,43,46,41,60,3,FALSE,FALSE,FALSE,FALSE,,12,107,93
340,whiscash,Water,Ground,110,78,73,76,71,60,3,FALSE,TRUE,FALSE,FALSE,,12,107,93
341,corphish,Water,,43,80,65,50,35,35,3,FALSE,FALSE,FALSE,FALSE,,52,75,91
342,crawdaunt,Water,Dark,63,120,85,90,55,55,3,FALSE,TRUE,FALSE,FALSE,,52,75,91
343,baltoy,Ground,Psychic,40,40,55,40,70,55,3,FALSE,FALSE,FALSE,FALSE,,26,,
344,claydol,Ground,Psychic,60,70,105,70,120,75,3,FALSE,TRUE,FALSE,FALSE,,26,,
345,lileep,Rock,Grass,66,41,77,61,87,23,3,FALSE,FALSE,FALSE,FALSE,,21,,114
346,cradily,Rock,Grass,86,81,97,81,107,43,3,FALSE,TRUE,FALSE,FALSE,,21,,114
347,anorith,Rock,Bug,45,95,50,40,50,75,3,FALSE,FALSE,FALSE,FALSE,,4,,33
348,armaldo,Rock,Bug,75,125,100,70,80,45,3,FALSE,TRUE,FALSE,FALSE,,4,,33
349,feebas,Water,,20,15,20,10,55,80,3,FALSE,FALSE,FALSE,FALSE,,33,12,91
350,milotic,Water,,95,60,79,100,125,81,3,FALSE,TRUE,FALSE,FALSE,,63,172,56
351,castform,Normal,,70,70,70,70,70,70,3,FALSE,TRUE,FALSE,FALSE,,59,,
352,kecleon,Normal,,60,90,70,60,120,40,3,FALSE,TRUE,FALSE,FALSE,,16,,168
353,shuppet,Ghost,,44,75,35,63,33,45,3,FALSE,FALSE,FALSE,FALSE,,15,119,130
354,banette,Ghost,,64,115,65,83,63,65,3,FALSE,TRUE,FALSE,TRUE,,15,119,130
10056,Mega Banette,Ghost,,64,165,75,93,83,75,3,FALSE,FALSE,TRUE,FALSE,354,158,,
355,duskull,Ghost,,20,40,90,30,90,25,3,FALSE,FALSE,FALSE,FALSE,,26,,119
356,dusclops,Ghost,,40,70,130,60,130,25,3,FALSE,FALSE,FALSE,FALSE,,46,,119
357,tropius,Grass,Flying,99,68,83,72,87,51,3,FALSE,TRUE,FALSE,FALSE,,34,94,139
358,chimecho,Psychic,,75,50,80,95,90,65,3,FALSE,TRUE,FALSE,FALSE,,26,,
359,absol,Dark,,65,130,60,75,60,75,3,FALSE,TRUE,FALSE,TRUE,,46,105,154
10057,Mega Absol,Dark,,65,150,60,115,60,115,3,FALSE,FALSE,TRUE,FALSE,359,156,,
360,wynaut,Psychic,,95,23,48,23,48,23,3,FALSE,FALSE,FALSE,FALSE,,23,,140
361,snorunt,Ice,,50,50,50,50,50,50,3,FALSE,FALSE,FALSE,FALSE,,39,115,141
362,glalie,Ice,,80,80,80,80,80,80,3,FALSE,TRUE,FALSE,TRUE,,39,115,141
10074,Mega Glalie,Ice,,80,120,80,120,80,100,3,FALSE,FALSE,TRUE,FALSE,362,174,,
363,spheal,Ice,Water,70,40,50,55,50,25,3,FALSE,FALSE,FALSE,FALSE,,47,115,12
364,sealeo,Ice,Water,90,60,70,75,70,45,3,FALSE,FALSE,FALSE,FALSE,,47,115,12
365,walrein,Ice,Water,110,80,90,95,90,65,3,FALSE,TRUE,FALSE,FALSE,,47,115,12
366,clamperl,Water,,35,64,85,74,55,32,3,FALSE,FALSE,FALSE,FALSE,,75,,155
367,huntail,Water,,55,104,105,94,75,52,3,FALSE,TRUE,FALSE,FALSE,,33,,41
368,gorebyss,Water,,55,84,105,114,75,52,3,FALSE,TRUE,FALSE,FALSE,,33,,93
369,relicanth,Water,Rock,100,90,130,45,65,55,3,FALSE,TRUE,FALSE,FALSE,,33,69,5
370,luvdisc,Water,,43,30,55,40,65,97,3,FALSE,TRUE,FALSE,FALSE,,33,,93
371,bagon,Dragon,,45,75,60,40,30,50,3,FALSE,FALSE,FALSE,FALSE,,69,,125
372,shelgon,Dragon,,65,95,100,60,50,50,3,FALSE,FALSE,FALSE,FALSE,,69,,142
373,salamence,Dragon,Flying,95,135,80,110,80,100,3,FALSE,TRUE,FALSE,TRUE,,22,,153
10089,Mega Salamence,Dragon,Flying,95,145,130,120,90,120,3,FALSE,FALSE,TRUE,FALSE,373,184,,
374,beldum,Steel,Psychic,40,55,80,35,60,30,3,FALSE,FALSE,FALSE,FALSE,,29,,135
375,metang,Steel,Psychic,60,75,100,55,80,50,3,FALSE,FALSE,FALSE,FALSE,,29,,135
376,metagross,Steel,Psychic,80,135,130,95,90,70,3,FALSE,TRUE,FALSE,TRUE,,29,,135
10076,Mega Metagross,Steel,Psychic,80,145,150,105,110,110,3,FALSE,FALSE,TRUE,FALSE,376,181,,
377,regiRock,Rock,,80,100,200,50,100,50,3,TRUE,TRUE,FALSE,FALSE,,29,,5
378,regIce,Ice,,80,50,100,100,200,50,3,TRUE,TRUE,FALSE,FALSE,,29,,115
379,regiSteel,Steel,,80,75,150,75,150,50,3,TRUE,TRUE,FALSE,FALSE,,29,,135
380,latias,Dragon,Psychic,80,80,90,110,130,110,3,TRUE,TRUE,FALSE,TRUE,,26,,
10062,Mega Latias,Dragon,Psychic,80,100,120,140,150,110,3,TRUE,FALSE,TRUE,FALSE,380,26,,
381,latios,Dragon,Psychic,80,90,80,130,110,110,3,TRUE,TRUE,FALSE,TRUE,,26,,
10063,Mega Latios,Dragon,Psychic,80,130,100,160,120,110,3,TRUE,FALSE,TRUE,FALSE,381,26,,
382,kyogre,Water,,100,100,90,150,140,90,3,TRUE,TRUE,FALSE,TRUE,,2,,
10077,Primal Kyogre,Water,,100,150,90,180,160,90,3,TRUE,FALSE,TRUE,FALSE,382,189,,
383,groudon,Ground,,100,150,140,100,90,90,3,TRUE,TRUE,FALSE,TRUE,,70,,
10078,Primal Groudon,Ground,Fire,100,180,160,150,90,90,3,TRUE,FALSE,TRUE,FALSE,383,190,,
384,rayquaza,Dragon,Flying,105,150,90,150,90,95,3,TRUE,TRUE,FALSE,TRUE,,76,,
10079,Mega Rayquaza,Dragon,Flying,105,180,100,180,100,115,3,TRUE,FALSE,TRUE,FALSE,384,191,,
385,jirachi,Steel,Psychic,100,100,100,100,100,100,3,TRUE,TRUE,FALSE,FALSE,,32,,
386,Deoxys-N,Psychic,,50,150,50,150,50,150,3,TRUE,TRUE,FALSE,FALSE,,46,,
10001,Deoxys-A,Psychic,,50,180,20,180,20,150,3,TRUE,TRUE,FALSE,FALSE,,46,,
10002,Deoxys-D,Psychic,,50,70,160,70,160,90,3,TRUE,TRUE,FALSE,FALSE,,46,,
10003,Deoxys-S,Psychic,,50,95,90,95,90,180,3,TRUE,TRUE,FALSE,FALSE,,46,,
387,turtwig,Grass,,55,68,64,45,55,31,4,FALSE,FALSE,FALSE,FALSE,,65,,75
388,grotle,Grass,,75,89,85,55,65,36,4,FALSE,FALSE,FALSE,FALSE,,65,,75
389,torterra,Grass,Ground,95,109,105,75,85,56,4,FALSE,TRUE,FALSE,FALSE,,65,,75
390,chimchar,Fire,,44,58,44,58,44,61,4,FALSE,FALSE,FALSE,FALSE,,66,,89
391,monferno,Fire,Fighting,64,78,52,78,52,81,4,FALSE,FALSE,FALSE,FALSE,,66,,89
392,infernape,Fire,Fighting,76,104,71,104,71,108,4,FALSE,TRUE,FALSE,FALSE,,66,,89
393,piplup,Water,,53,51,53,61,56,40,4,FALSE,FALSE,FALSE,FALSE,,67,,128
394,prinplup,Water,,64,66,68,81,76,50,4,FALSE,FALSE,FALSE,FALSE,,67,,128
395,empoleon,Water,Steel,84,86,88,111,101,60,4,FALSE,TRUE,FALSE,FALSE,,67,,128
396,starly,Normal,Flying,40,55,30,30,30,60,4,FALSE,FALSE,FALSE,FALSE,,51,,120
397,staravia,Normal,Flying,55,75,50,40,40,80,4,FALSE,FALSE,FALSE,FALSE,,22,,120
398,staraptor,Normal,Flying,85,120,70,50,60,100,4,FALSE,TRUE,FALSE,FALSE,,22,,120
399,bidoof,Normal,,59,45,40,35,40,31,4,FALSE,FALSE,FALSE,FALSE,,86,109,141
400,bibarel,Normal,Water,79,85,60,55,60,71,4,FALSE,TRUE,FALSE,FALSE,,86,109,141
401,kricketot,Bug,,37,25,41,25,41,25,4,FALSE,FALSE,FALSE,FALSE,,61,,50
402,kricketune,Bug,,77,85,51,55,51,65,4,FALSE,TRUE,FALSE,FALSE,,68,,101
403,shinx,Electric,,45,65,34,40,34,45,4,FALSE,FALSE,FALSE,FALSE,,79,22,62
404,luxio,Electric,,60,85,49,60,49,60,4,FALSE,FALSE,FALSE,FALSE,,79,22,62
405,luxray,Electric,,80,120,79,95,79,70,4,FALSE,TRUE,FALSE,FALSE,,79,22,62
406,budew,Grass,Poison,40,30,35,50,70,55,4,FALSE,FALSE,FALSE,FALSE,,30,38,102
407,roserade,Grass,Poison,60,70,65,125,105,90,4,FALSE,TRUE,FALSE,FALSE,,30,38,101
408,cranidos,Rock,,67,125,40,30,30,58,4,FALSE,FALSE,FALSE,FALSE,,104,,125
409,rampardos,Rock,,97,165,60,65,50,58,4,FALSE,TRUE,FALSE,FALSE,,104,,125
410,shieldon,Rock,Steel,30,42,118,42,88,30,4,FALSE,FALSE,FALSE,FALSE,,5,,43
411,bastiodon,Rock,Steel,60,52,168,47,138,30,4,FALSE,TRUE,FALSE,FALSE,,5,,43
412,burmy,Bug,,40,29,45,29,45,36,4,FALSE,FALSE,FALSE,FALSE,,61,,142
413,Wormadam-P,Bug,Grass,60,59,85,79,105,36,4,FALSE,TRUE,FALSE,FALSE,,107,,142
10004,Wormadam-S,Bug,Ground,60,79,105,59,85,36,4,FALSE,TRUE,FALSE,FALSE,,107,,142
10005,Wormadam-T,Bug,Steel,60,69,95,69,95,36,4,FALSE,TRUE,FALSE,FALSE,,107,,142
414,mothim,Bug,Flying,70,94,50,94,50,66,4,FALSE,TRUE,FALSE,FALSE,,68,,110
415,combee,Bug,Flying,30,30,42,30,42,70,4,FALSE,FALSE,FALSE,FALSE,,118,,55
416,vespiquen,Bug,Flying,70,80,102,80,102,40,4,FALSE,TRUE,FALSE,FALSE,,46,,127
417,pachirisu,Electric,,60,45,70,45,90,95,4,FALSE,TRUE,FALSE,FALSE,,50,53,10
418,buizel,Water,,55,65,35,60,30,85,4,FALSE,FALSE,FALSE,FALSE,,33,,41
419,floatzel,Water,,85,105,55,85,50,115,4,FALSE,TRUE,FALSE,FALSE,,33,,41
420,cherubi,Grass,,45,35,45,62,53,35,4,FALSE,FALSE,FALSE,FALSE,,34,,
421,cherrim,Grass,,70,60,70,87,78,85,4,FALSE,TRUE,FALSE,FALSE,,122,,
422,shellos,Water,,76,48,48,57,62,34,4,FALSE,FALSE,FALSE,FALSE,,60,114,159
423,gastrodon,Water,Ground,111,83,68,92,82,39,4,FALSE,TRUE,FALSE,FALSE,,60,114,159
424,ambipom,Normal,,75,100,66,60,66,115,4,FALSE,TRUE,FALSE,FALSE,,101,53,92
425,drifloon,Ghost,Flying,90,50,34,60,44,70,4,FALSE,FALSE,FALSE,FALSE,,106,84,138
426,drifblim,Ghost,Flying,150,80,44,90,54,80,4,FALSE,TRUE,FALSE,FALSE,,106,84,138
427,buneary,Normal,,55,66,44,44,56,85,4,FALSE,FALSE,FALSE,FALSE,,50,103,7
428,lopunny,Normal,,65,76,84,54,96,105,4,FALSE,TRUE,FALSE,TRUE,,56,103,7
10088,Mega Lopunny,Normal,Fighting,65,136,94,54,96,135,4,FALSE,FALSE,TRUE,FALSE,428,113,,
429,mismagius,Ghost,,60,60,60,105,105,105,4,FALSE,TRUE,FALSE,FALSE,,26,,
430,honchkrow,Dark,Flying,100,125,52,105,52,71,4,FALSE,TRUE,FALSE,FALSE,,15,105,153
431,glameow,Normal,,49,55,42,42,37,85,4,FALSE,FALSE,FALSE,FALSE,,7,20,51
432,purugly,Normal,,71,82,64,64,59,112,4,FALSE,TRUE,FALSE,FALSE,,47,20,128
433,chingling,Psychic,,45,30,50,65,50,45,4,FALSE,FALSE,FALSE,FALSE,,26,,
434,stunky,Poison,Dark,63,63,47,41,41,74,4,FALSE,FALSE,FALSE,FALSE,,1,106,51
435,skuntank,Poison,Dark,103,93,67,71,61,84,4,FALSE,TRUE,FALSE,FALSE,,1,106,51
436,bronzor,Steel,Psychic,57,24,86,24,86,23,4,FALSE,FALSE,FALSE,FALSE,,26,85,134
437,bronzong,Steel,Psychic,67,89,116,79,116,33,4,FALSE,TRUE,FALSE,FALSE,,26,85,134
438,bonsly,Rock,,50,80,95,10,45,10,4,FALSE,FALSE,FALSE,FALSE,,5,69,155
439,mime jr.,Psychic,Fairy,20,25,45,70,90,60,4,FALSE,FALSE,FALSE,FALSE,,43,111,101
440,happiny,Normal,,100,5,5,15,65,30,4,FALSE,FALSE,FALSE,FALSE,,30,32,132
441,chatot,Normal,Flying,76,65,45,92,42,91,4,FALSE,TRUE,FALSE,FALSE,,51,77,145
442,spiritomb,Ghost,Dark,50,92,108,92,108,35,4,FALSE,TRUE,FALSE,FALSE,,46,,151
443,gible,Dragon,Ground,58,70,45,40,45,42,4,FALSE,FALSE,FALSE,FALSE,,8,,24
444,gabite,Dragon,Ground,68,90,65,50,55,82,4,FALSE,FALSE,FALSE,FALSE,,8,,24
445,garchomp,Dragon,Ground,108,130,95,80,85,102,4,FALSE,TRUE,FALSE,TRUE,,8,,24
10058,Mega Garchomp,Dragon,Ground,108,170,115,120,95,92,4,FALSE,FALSE,TRUE,FALSE,445,159,,
446,munchlax,Normal,,135,85,40,40,85,5,4,FALSE,FALSE,FALSE,FALSE,,53,47,82
447,riolu,Fighting,,40,70,40,35,40,60,4,FALSE,FALSE,FALSE,FALSE,,80,39,158
448,lucario,Fighting,Steel,70,110,70,115,70,90,4,FALSE,TRUE,FALSE,TRUE,,80,39,154
10059,Mega Lucario,Fighting,Steel,70,145,88,140,70,112,4,FALSE,FALSE,TRUE,FALSE,448,91,,
449,hippopotas,Ground,,68,72,78,38,42,32,4,FALSE,FALSE,FALSE,FALSE,,45,,159
450,hippowdon,Ground,,108,112,118,68,72,47,4,FALSE,TRUE,FALSE,FALSE,,45,,159
451,skorupi,Poison,Bug,40,50,90,30,55,65,4,FALSE,FALSE,FALSE,FALSE,,4,97,51
452,drapion,Poison,Dark,70,90,110,60,75,95,4,FALSE,TRUE,FALSE,FALSE,,4,97,51
453,croagunk,Poison,Fighting,48,61,40,61,40,50,4,FALSE,FALSE,FALSE,FALSE,,107,87,143
454,toxicroak,Poison,Fighting,83,106,65,86,65,85,4,FALSE,TRUE,FALSE,FALSE,,107,87,143
455,carnivine,Grass,,74,100,72,90,72,46,4,FALSE,TRUE,FALSE,FALSE,,26,,
456,finneon,Water,,49,49,56,49,61,66,4,FALSE,FALSE,FALSE,FALSE,,33,114,41
457,lumineon,Water,,69,69,76,69,86,91,4,FALSE,TRUE,FALSE,FALSE,,33,114,41
458,mantyke,Water,Flying,45,20,50,60,120,50,4,FALSE,FALSE,FALSE,FALSE,,33,11,41
459,snover,Grass,Ice,60,62,50,62,60,40,4,FALSE,FALSE,FALSE,FALSE,,117,,43
460,abomasnow,Grass,Ice,90,92,75,92,85,60,4,FALSE,TRUE,FALSE,TRUE,,117,,43
10060,Mega Abomasnow,Grass,Ice,90,132,105,132,105,30,4,FALSE,FALSE,TRUE,FALSE,460,117,,
461,weavile,Dark,Ice,70,120,65,45,85,125,4,FALSE,TRUE,FALSE,FALSE,,46,,124
462,magnezone,Electric,Steel,70,70,115,130,90,60,4,FALSE,TRUE,FALSE,FALSE,,42,5,148
463,lickilicky,Normal,,110,85,95,80,95,50,4,FALSE,TRUE,FALSE,FALSE,,20,12,13
464,rhyperior,Ground,Rock,115,140,130,55,55,40,4,FALSE,TRUE,FALSE,FALSE,,31,116,120
465,tangrowth,Grass,,100,100,125,110,50,50,4,FALSE,TRUE,FALSE,FALSE,,34,102,144
466,electivire,Electric,,75,123,67,95,85,95,4,FALSE,TRUE,FALSE,FALSE,,78,,72
467,magmortar,Fire,,75,95,67,125,95,83,4,FALSE,TRUE,FALSE,FALSE,,49,,72
468,togekiss,Fairy,Flying,85,50,95,120,115,80,4,FALSE,TRUE,FALSE,FALSE,,55,32,105
469,yanmega,Bug,Flying,86,76,86,116,56,95,4,FALSE,TRUE,FALSE,FALSE,,3,110,119
470,leafeon,Grass,,65,110,130,60,65,95,4,FALSE,TRUE,FALSE,FALSE,,102,,34
471,glaceon,Ice,,65,60,110,130,95,65,4,FALSE,TRUE,FALSE,FALSE,,81,,115
472,gliscor,Ground,Flying,75,95,125,45,75,95,4,FALSE,TRUE,FALSE,FALSE,,52,8,90
473,mamoswine,Ice,Ground,110,130,80,70,60,80,4,FALSE,TRUE,FALSE,FALSE,,12,81,47
474,porygon-z,Normal,,85,80,70,135,75,90,4,FALSE,TRUE,FALSE,FALSE,,91,88,148
475,gallade,Psychic,Fighting,68,125,65,65,115,80,4,FALSE,TRUE,FALSE,TRUE,,80,,154
10068,Mega Gallade,Psychic,Fighting,68,165,95,65,115,110,4,FALSE,FALSE,TRUE,FALSE,475,39,,
476,probopass,Rock,Steel,60,55,145,75,150,40,4,FALSE,TRUE,FALSE,FALSE,,5,42,159
477,dusknoir,Ghost,,45,100,135,65,135,45,4,FALSE,TRUE,FALSE,FALSE,,46,,119
478,froslass,Ice,Ghost,70,80,70,80,70,110,4,FALSE,TRUE,FALSE,FALSE,,81,,130
479,rotom,Electric,Ghost,50,50,77,95,77,91,4,FALSE,TRUE,FALSE,FALSE,,26,,
10008,Heat Rotom,Electric,Fire,50,65,107,105,107,86,4,FALSE,TRUE,FALSE,FALSE,,26,,
10009,Wash Rotom,Electric,Water,50,65,107,105,107,86,4,FALSE,TRUE,FALSE,FALSE,,26,,
10010,Frost Rotom,Electric,Ice,50,65,107,105,107,86,4,FALSE,TRUE,FALSE,FALSE,,26,,
10011,Fan Rotom,Electric,Flying,50,65,107,105,107,86,4,FALSE,TRUE,FALSE,FALSE,,26,,
10012,Mow Rotom,Electric,Grass,50,65,107,105,107,86,4,FALSE,TRUE,FALSE,FALSE,,26,,
480,uxie,Psychic,,75,75,130,75,130,95,4,TRUE,TRUE,FALSE,FALSE,,26,,
481,mesprit,Psychic,,80,105,105,105,105,80,4,TRUE,TRUE,FALSE,FALSE,,26,,
482,azelf,Psychic,,75,125,70,125,70,115,4,TRUE,TRUE,FALSE,FALSE,,26,,
483,dialga,Steel,Dragon,100,120,120,150,100,90,4,TRUE,TRUE,FALSE,FALSE,,46,,140
484,palkia,Water,Dragon,90,120,100,150,120,100,4,TRUE,TRUE,FALSE,FALSE,,46,,140
485,heatran,Fire,Steel,91,90,106,130,106,77,4,TRUE,TRUE,FALSE,FALSE,,18,,49
486,regigigas,Normal,,110,160,110,80,110,100,4,TRUE,TRUE,FALSE,FALSE,,112,,
487,Giratina-A,Ghost,Dragon,150,100,120,100,120,90,4,TRUE,TRUE,FALSE,FALSE,,46,,140
10007,Giratina-O,Ghost,Dragon,150,120,100,120,100,90,4,TRUE,TRUE,FALSE,FALSE,,26,,
488,cresselia,Psychic,,120,70,120,75,130,85,4,TRUE,TRUE,FALSE,FALSE,,26,,
489,phione,Water,,80,80,80,80,80,80,4,TRUE,TRUE,FALSE,FALSE,,93,,
490,manaphy,Water,,100,100,100,100,100,100,4,TRUE,TRUE,FALSE,FALSE,,93,,
491,Darkrai,Dark,,70,90,90,135,90,125,4,TRUE,TRUE,FALSE,FALSE,,123,,
492,shaymin,Grass,,100,100,100,100,100,100,4,TRUE,TRUE,FALSE,FALSE,,30,,
10006,Shaymin-S,Grass,Flying,100,103,75,120,75,127,4,TRUE,TRUE,FALSE,FALSE,,32,,
493,arceus,Normal,,120,120,120,120,120,120,4,TRUE,TRUE,FALSE,FALSE,,121,,
494,victini,Psychic,Fire,100,100,100,100,100,100,5,TRUE,TRUE,FALSE,FALSE,,162,,
495,snivy,Grass,,45,45,55,45,55,63,5,FALSE,FALSE,FALSE,FALSE,,65,,126
496,servine,Grass,,60,60,75,60,75,83,5,FALSE,FALSE,FALSE,FALSE,,65,,126
497,serperior,Grass,,75,75,95,75,95,113,5,FALSE,TRUE,FALSE,FALSE,,65,,126
498,tepig,Fire,,65,63,45,45,45,45,5,FALSE,FALSE,FALSE,FALSE,,66,,47
499,pignite,Fire,Fighting,90,93,55,70,55,55,5,FALSE,FALSE,FALSE,FALSE,,66,,47
500,emboar,Fire,Fighting,110,123,65,100,65,65,5,FALSE,TRUE,FALSE,FALSE,,66,,120
501,oshawott,Water,,55,55,45,63,45,45,5,FALSE,FALSE,FALSE,FALSE,,67,,75
502,dewott,Water,,75,75,60,83,60,60,5,FALSE,FALSE,FALSE,FALSE,,67,,75
503,samurott,Water,,95,100,85,108,70,70,5,FALSE,TRUE,FALSE,FALSE,,67,,75
504,patrat,Normal,,45,55,39,35,39,42,5,FALSE,FALSE,FALSE,FALSE,,50,51,148
505,watchog,Normal,,60,85,69,60,69,77,5,FALSE,TRUE,FALSE,FALSE,,35,51,148
506,lillipup,Normal,,45,60,45,25,45,55,5,FALSE,FALSE,FALSE,FALSE,,72,53,50
507,herdier,Normal,,65,80,65,35,65,60,5,FALSE,FALSE,FALSE,FALSE,,22,146,113
508,stoutland,Normal,,85,110,90,45,90,80,5,FALSE,TRUE,FALSE,FALSE,,22,146,113
509,purrloin,Dark,,41,50,37,50,37,66,5,FALSE,FALSE,FALSE,FALSE,,7,84,158
510,liepard,Dark,,64,88,50,88,50,106,5,FALSE,TRUE,FALSE,FALSE,,7,84,158
511,pansage,Grass,,50,53,48,53,48,64,5,FALSE,FALSE,FALSE,FALSE,,82,,65
512,simisage,Grass,,75,98,63,98,63,101,5,FALSE,TRUE,FALSE,FALSE,,82,,65
513,pansear,Fire,,50,53,48,53,48,64,5,FALSE,FALSE,FALSE,FALSE,,82,,66
514,simisear,Fire,,75,98,63,98,63,101,5,FALSE,TRUE,FALSE,FALSE,,82,,66
515,panpour,Water,,50,53,48,53,48,64,5,FALSE,FALSE,FALSE,FALSE,,82,,67
516,simipour,Water,,75,98,63,98,63,101,5,FALSE,TRUE,FALSE,FALSE,,82,,67
517,munna,Psychic,,76,25,45,67,55,24,5,FALSE,FALSE,FALSE,FALSE,,108,28,140
518,musharna,Psychic,,116,55,85,107,95,29,5,FALSE,TRUE,FALSE,FALSE,,108,28,140
519,pidove,Normal,Flying,50,55,50,36,30,43,5,FALSE,FALSE,FALSE,FALSE,,145,105,79
520,tranquill,Normal,Flying,62,77,62,50,42,65,5,FALSE,FALSE,FALSE,FALSE,,145,105,79
521,unfezant,Normal,Flying,80,115,80,65,55,93,5,FALSE,TRUE,FALSE,FALSE,,145,105,79
522,blitzle,Electric,,45,60,32,50,32,76,5,FALSE,FALSE,FALSE,FALSE,,31,78,157
523,zebstrika,Electric,,75,100,63,80,63,116,5,FALSE,TRUE,FALSE,FALSE,,31,78,157
524,roggenrola,Rock,,55,75,85,25,25,15,5,FALSE,FALSE,FALSE,FALSE,,5,133,159
525,boldore,Rock,,70,105,105,50,40,20,5,FALSE,FALSE,FALSE,FALSE,,5,133,159
526,gigalith,Rock,,85,135,130,60,80,25,5,FALSE,TRUE,FALSE,FALSE,,5,45,159
527,woobat,Psychic,Flying,65,45,43,55,43,72,5,FALSE,FALSE,FALSE,FALSE,,109,103,86
528,swoobat,Psychic,Flying,67,57,55,77,55,114,5,FALSE,TRUE,FALSE,FALSE,,109,103,86
529,drilbur,Ground,,60,85,40,30,45,68,5,FALSE,FALSE,FALSE,FALSE,,146,159,104
530,excadrill,Ground,Steel,110,135,60,50,65,88,5,FALSE,TRUE,FALSE,FALSE,,146,159,104
531,audino,Normal,,103,60,86,60,86,50,5,FALSE,TRUE,FALSE,TRUE,,131,144,103
10069,Mega Audino,Normal,Fairy,103,60,126,80,126,50,5,FALSE,FALSE,TRUE,FALSE,531,131,,
532,timburr,Fighting,,75,80,55,25,35,35,5,FALSE,FALSE,FALSE,FALSE,,62,125,89
533,gurdurr,Fighting,,85,105,85,40,50,40,5,FALSE,FALSE,FALSE,FALSE,,62,125,89
534,conkeldurr,Fighting,,105,140,95,55,65,45,5,FALSE,TRUE,FALSE,FALSE,,62,125,89
535,tympole,Water,,50,50,40,50,40,64,5,FALSE,FALSE,FALSE,FALSE,,33,93,11
536,palpitoad,Water,Ground,75,65,55,65,55,69,5,FALSE,FALSE,FALSE,FALSE,,33,93,11
537,seismitoad,Water,Ground,105,95,75,85,75,74,5,FALSE,TRUE,FALSE,FALSE,,33,143,11
538,throh,Fighting,,120,100,85,30,85,45,5,FALSE,TRUE,FALSE,FALSE,,62,39,104
539,sawk,Fighting,,75,125,75,30,75,85,5,FALSE,TRUE,FALSE,FALSE,,5,39,104
540,sewaddle,Bug,Grass,45,53,70,40,60,42,5,FALSE,FALSE,FALSE,FALSE,,68,34,142
541,swadloon,Bug,Grass,55,63,90,50,80,42,5,FALSE,FALSE,FALSE,FALSE,,102,34,142
542,leavanny,Bug,Grass,75,103,80,70,80,92,5,FALSE,TRUE,FALSE,FALSE,,68,34,142
543,venipede,Bug,Poison,30,45,59,30,39,57,5,FALSE,FALSE,FALSE,FALSE,,38,68,3
544,whirlipede,Bug,Poison,40,55,99,40,79,47,5,FALSE,FALSE,FALSE,FALSE,,38,68,3
545,scolipede,Bug,Poison,60,100,89,55,69,112,5,FALSE,TRUE,FALSE,FALSE,,38,68,3
546,cottonee,Grass,Fairy,40,27,60,37,50,66,5,FALSE,FALSE,FALSE,FALSE,,158,151,34
547,whimsicott,Grass,Fairy,60,67,85,77,75,116,5,FALSE,TRUE,FALSE,FALSE,,158,151,34
548,petilil,Grass,,45,35,50,70,50,30,5,FALSE,FALSE,FALSE,FALSE,,34,20,102
549,lilligant,Grass,,70,60,75,110,75,90,5,FALSE,TRUE,FALSE,FALSE,,34,20,102
550,basculin,Water,,70,92,65,80,55,98,5,FALSE,TRUE,FALSE,FALSE,,120,91,104
551,sandile,Ground,Dark,50,72,35,35,35,65,5,FALSE,FALSE,FALSE,FALSE,,22,153,83
552,krokorok,Ground,Dark,60,82,45,45,45,74,5,FALSE,FALSE,FALSE,FALSE,,22,153,83
553,krookodile,Ground,Dark,95,117,80,65,70,92,5,FALSE,TRUE,FALSE,FALSE,,22,153,83
554,darumaka,Fire,,70,90,45,15,45,50,5,FALSE,FALSE,FALSE,FALSE,,55,,39
555,darmanitan,Fire,,105,140,55,30,55,95,5,FALSE,TRUE,FALSE,FALSE,,125,,161
556,maractus,Grass,,75,86,67,106,67,60,5,FALSE,TRUE,FALSE,FALSE,,11,34,114
557,dwebble,Bug,Rock,50,65,85,35,35,55,5,FALSE,FALSE,FALSE,FALSE,,5,75,133
558,crustle,Bug,Rock,70,105,125,65,75,45,5,FALSE,TRUE,FALSE,FALSE,,5,75,133
559,scraggy,Dark,Fighting,50,75,70,35,70,48,5,FALSE,FALSE,FALSE,FALSE,,61,153,22
560,scrafty,Dark,Fighting,65,90,115,45,115,58,5,FALSE,TRUE,FALSE,FALSE,,61,153,22
561,sigilyph,Psychic,Flying,72,58,80,103,80,97,5,FALSE,TRUE,FALSE,FALSE,,147,98,110
562,yamask,Ghost,,38,30,85,55,65,30,5,FALSE,FALSE,FALSE,FALSE,,152,,
563,cofagrigus,Ghost,,58,50,145,95,105,30,5,FALSE,TRUE,FALSE,FALSE,,152,,
564,tirtouga,Water,Rock,54,78,103,53,45,22,5,FALSE,FALSE,FALSE,FALSE,,116,5,33
565,carracosta,Water,Rock,74,108,133,83,65,32,5,FALSE,TRUE,FALSE,FALSE,,116,5,33
566,archen,Rock,Flying,55,112,45,74,45,70,5,FALSE,FALSE,FALSE,FALSE,,129,,
567,archeops,Rock,Flying,75,140,65,112,65,110,5,FALSE,TRUE,FALSE,FALSE,,129,,
568,trubbish,Poison,,50,50,62,40,62,65,5,FALSE,FALSE,FALSE,FALSE,,1,60,106
569,garbodor,Poison,,80,95,82,60,82,75,5,FALSE,TRUE,FALSE,FALSE,,1,133,106
570,zorua,Dark,,40,65,40,80,40,65,5,FALSE,FALSE,FALSE,FALSE,,149,,
571,zoroark,Dark,,60,105,60,120,60,105,5,FALSE,TRUE,FALSE,FALSE,,149,,
572,minccino,Normal,,55,50,40,40,40,75,5,FALSE,FALSE,FALSE,FALSE,,56,101,92
573,cinccino,Normal,,75,95,60,65,60,115,5,FALSE,TRUE,FALSE,FALSE,,56,101,92
574,gothita,Psychic,,45,30,50,55,65,45,5,FALSE,FALSE,FALSE,FALSE,,119,172,23
575,gothorita,Psychic,,60,45,70,75,85,55,5,FALSE,FALSE,FALSE,FALSE,,119,172,23
576,gothitelle,Psychic,,70,55,95,95,110,65,5,FALSE,TRUE,FALSE,FALSE,,119,172,23
577,solosis,Psychic,,45,30,40,105,50,20,5,FALSE,FALSE,FALSE,FALSE,,142,98,144
578,duosion,Psychic,,65,40,50,125,60,30,5,FALSE,FALSE,FALSE,FALSE,,142,98,144
579,reuniclus,Psychic,,110,65,75,125,85,30,5,FALSE,TRUE,FALSE,FALSE,,142,98,144
580,ducklett,Water,Flying,62,44,50,44,50,55,5,FALSE,FALSE,FALSE,FALSE,,51,145,93
581,swanna,Water,Flying,75,87,63,87,63,98,5,FALSE,TRUE,FALSE,FALSE,,51,145,93
582,vanillite,Ice,,36,50,50,65,60,44,5,FALSE,FALSE,FALSE,FALSE,,115,81,133
583,vanillish,Ice,,51,65,65,80,75,59,5,FALSE,FALSE,FALSE,FALSE,,115,81,133
584,vanilluxe,Ice,,71,95,85,110,95,79,5,FALSE,TRUE,FALSE,FALSE,,115,117,133
585,deerling,Normal,Grass,60,60,50,40,50,75,5,FALSE,FALSE,FALSE,FALSE,,34,157,32
586,sawsbuck,Normal,Grass,80,100,70,60,70,95,5,FALSE,TRUE,FALSE,FALSE,,34,157,32
587,emolga,Electric,Flying,55,75,60,75,60,103,5,FALSE,TRUE,FALSE,FALSE,,9,,78
588,karrablast,Bug,,50,75,45,40,45,60,5,FALSE,FALSE,FALSE,FALSE,,68,61,99
589,escavalier,Bug,Steel,70,135,105,60,105,20,5,FALSE,TRUE,FALSE,FALSE,,68,75,142
590,foongus,Grass,Poison,69,55,45,55,55,15,5,FALSE,FALSE,FALSE,FALSE,,27,,144
591,amoonguss,Grass,Poison,114,85,70,85,80,30,5,FALSE,TRUE,FALSE,FALSE,,27,,144
592,frillish,Water,Ghost,55,40,50,65,85,40,5,FALSE,FALSE,FALSE,FALSE,,11,130,6
593,jellicent,Water,Ghost,100,60,70,85,105,60,5,FALSE,TRUE,FALSE,FALSE,,11,130,6
594,alomomola,Water,,165,75,80,40,45,65,5,FALSE,TRUE,FALSE,FALSE,,131,93,144
595,joltik,Bug,Electric,50,47,50,57,50,65,5,FALSE,FALSE,FALSE,FALSE,,14,127,68
596,galvantula,Bug,Electric,70,77,60,97,60,108,5,FALSE,TRUE,FALSE,FALSE,,14,127,68
597,ferroseed,Grass,Steel,44,50,91,24,86,10,5,FALSE,FALSE,FALSE,FALSE,,160,,
598,ferrothorn,Grass,Steel,74,94,131,54,116,20,5,FALSE,TRUE,FALSE,FALSE,,160,,107
599,klink,Steel,,40,55,70,45,60,30,5,FALSE,FALSE,FALSE,FALSE,,57,58,29
600,klang,Steel,,60,80,95,70,85,50,5,FALSE,FALSE,FALSE,FALSE,,57,58,29
601,klinklang,Steel,,60,100,115,70,85,90,5,FALSE,TRUE,FALSE,FALSE,,57,58,29
602,tynamo,Electric,,35,55,40,45,40,60,5,FALSE,FALSE,FALSE,FALSE,,26,,
603,eelektrik,Electric,,65,85,70,75,70,40,5,FALSE,FALSE,FALSE,FALSE,,26,,
604,eelektross,Electric,,85,115,80,105,80,50,5,FALSE,TRUE,FALSE,FALSE,,26,,
605,elgyem,Psychic,,55,55,55,85,55,30,5,FALSE,FALSE,FALSE,FALSE,,140,28,148
606,beheeyem,Psychic,,75,75,75,125,95,40,5,FALSE,TRUE,FALSE,FALSE,,140,28,148
607,litwick,Ghost,Fire,50,30,55,65,55,20,5,FALSE,FALSE,FALSE,FALSE,,18,49,151
608,lampent,Ghost,Fire,60,40,60,95,60,55,5,FALSE,FALSE,FALSE,FALSE,,18,49,151
609,chandelure,Ghost,Fire,60,55,90,145,90,80,5,FALSE,TRUE,FALSE,FALSE,,18,49,151
610,axew,Dragon,,46,87,60,30,40,57,5,FALSE,FALSE,FALSE,FALSE,,79,104,127
611,fraxure,Dragon,,66,117,70,40,50,67,5,FALSE,FALSE,FALSE,FALSE,,79,104,127
612,haxorus,Dragon,,76,147,90,60,70,97,5,FALSE,TRUE,FALSE,FALSE,,79,104,127
613,cubchoo,Ice,,55,70,40,60,40,40,5,FALSE,FALSE,FALSE,FALSE,,81,202,155
614,beartic,Ice,,95,130,80,70,80,50,5,FALSE,TRUE,FALSE,FALSE,,81,202,33
615,cryogonal,Ice,,80,50,50,95,135,105,5,FALSE,TRUE,FALSE,FALSE,,26,,
616,shelmet,Bug,,50,40,85,40,65,25,5,FALSE,FALSE,FALSE,FALSE,,93,75,142
617,accelgor,Bug,,80,70,40,100,60,145,5,FALSE,TRUE,FALSE,FALSE,,93,60,84
618,stunfisk,Ground,Electric,109,66,84,81,99,32,5,FALSE,TRUE,FALSE,FALSE,,9,7,8
619,mienfoo,Fighting,,45,85,50,55,50,65,5,FALSE,FALSE,FALSE,FALSE,,39,144,120
620,mienshao,Fighting,,65,125,60,95,60,105,5,FALSE,TRUE,FALSE,FALSE,,39,144,120
621,druddigon,Dragon,,77,120,90,60,90,48,5,FALSE,TRUE,FALSE,FALSE,,24,125,104
622,golett,Ground,Ghost,59,74,50,35,50,35,5,FALSE,FALSE,FALSE,FALSE,,89,103,99
623,golurk,Ground,Ghost,89,124,80,55,80,55,5,FALSE,TRUE,FALSE,FALSE,,89,103,99
624,pawniard,Dark,Steel,45,85,70,40,40,60,5,FALSE,FALSE,FALSE,FALSE,,128,39,46
625,bisharp,Dark,Steel,65,125,100,60,70,70,5,FALSE,TRUE,FALSE,FALSE,,128,39,46
626,bouffalant,Normal,,95,110,95,40,95,55,5,FALSE,TRUE,FALSE,FALSE,,120,157,43
627,rufflet,Normal,Flying,70,83,50,37,50,60,5,FALSE,FALSE,FALSE,FALSE,,51,125,55
628,braviary,Normal,Flying,100,123,75,57,75,80,5,FALSE,TRUE,FALSE,FALSE,,51,125,128
629,vullaby,Dark,Flying,70,55,75,45,65,60,5,FALSE,FALSE,FALSE,FALSE,,145,142,133
630,mandibuzz,Dark,Flying,110,65,105,55,95,80,5,FALSE,TRUE,FALSE,FALSE,,145,142,133
631,heatmor,Fire,,85,97,66,105,66,65,5,FALSE,TRUE,FALSE,FALSE,,82,18,73
632,durant,Bug,Steel,58,109,112,48,48,109,5,FALSE,TRUE,FALSE,FALSE,,68,55,54
633,deino,Dark,Dragon,52,65,50,45,50,38,5,FALSE,FALSE,FALSE,FALSE,,55,,
634,zweilous,Dark,Dragon,72,85,70,65,70,58,5,FALSE,FALSE,FALSE,FALSE,,55,,
635,hydreigon,Dark,Dragon,92,105,90,125,90,98,5,FALSE,TRUE,FALSE,FALSE,,26,,
636,larvesta,Bug,Fire,55,85,55,50,55,60,5,FALSE,FALSE,FALSE,FALSE,,49,,68
637,volcarona,Bug,Fire,85,60,65,135,105,100,5,FALSE,TRUE,FALSE,FALSE,,49,,68
638,cobalion,Steel,Fighting,91,90,129,90,72,108,5,TRUE,TRUE,FALSE,FALSE,,154,,
639,terrakion,Rock,Fighting,91,129,90,72,90,108,5,TRUE,TRUE,FALSE,FALSE,,154,,
640,virizion,Grass,Fighting,91,90,72,90,129,108,5,TRUE,TRUE,FALSE,FALSE,,154,,
641,tornadus-I,Flying,,79,115,70,125,80,111,5,TRUE,TRUE,FALSE,FALSE,,158,,128
10019,Tornadus-T,Flying,,79,100,80,110,90,121,5,TRUE,TRUE,FALSE,FALSE,,144,,
642,thundurus-I,Electric,Flying,79,115,70,125,80,111,5,TRUE,TRUE,FALSE,FALSE,,158,,128
10020,Thundurus-T,Electric,Flying,79,105,70,145,80,101,5,TRUE,TRUE,FALSE,FALSE,,10,,
643,reshiram,Dragon,Fire,100,120,100,150,120,90,5,TRUE,TRUE,FALSE,FALSE,,163,,
644,zekrom,Dragon,Electric,100,150,120,120,100,90,5,TRUE,TRUE,FALSE,FALSE,,164,,
645,landorus-I,Ground,Flying,89,125,90,115,80,101,5,TRUE,TRUE,FALSE,FALSE,,159,,125
10021,Landorus-T,Ground,Flying,89,145,90,105,80,91,5,TRUE,TRUE,FALSE,FALSE,,22,,
646,kyurem,Dragon,Ice,125,130,90,130,90,95,5,TRUE,TRUE,FALSE,FALSE,,46,,
10022,Black Kyurem,Dragon,Ice,125,170,100,120,90,95,5,TRUE,TRUE,FALSE,FALSE,,164,,
10023,White Kyurem,Dragon,Ice,125,120,90,170,100,95,5,TRUE,TRUE,FALSE,FALSE,,163,,
647,keldeo,Water,Fighting,91,72,90,129,90,108,5,TRUE,TRUE,FALSE,FALSE,,154,,
648,meloetta-A,Normal,Psychic,100,77,77,128,128,90,5,TRUE,TRUE,FALSE,FALSE,,32,,
648,Meloetta-P,Normal,Fighting,100,128,90,77,77,128,5,TRUE,TRUE,FALSE,FALSE,,32,,
649,genesect,Bug,Steel,71,120,95,120,95,99,5,TRUE,TRUE,FALSE,FALSE,,88,,
650,chespin,Grass,,56,61,65,48,45,38,6,FALSE,FALSE,FALSE,FALSE,,65,,171
651,quilladin,Grass,,61,78,95,56,58,57,6,FALSE,FALSE,FALSE,FALSE,,65,,171
652,chesnaught,Grass,Fighting,88,107,122,74,75,64,6,FALSE,TRUE,FALSE,FALSE,,65,,171
653,fennekin,Fire,,40,45,40,62,60,60,6,FALSE,FALSE,FALSE,FALSE,,66,,170
654,braixen,Fire,,59,59,58,90,70,73,6,FALSE,FALSE,FALSE,FALSE,,66,,170
655,delphox,Fire,Psychic,75,69,72,114,100,104,6,FALSE,TRUE,FALSE,FALSE,,66,,170
656,froakie,Water,,41,56,40,62,44,71,6,FALSE,FALSE,FALSE,FALSE,,67,,168
657,frogadier,Water,,54,63,52,83,56,97,6,FALSE,FALSE,FALSE,FALSE,,67,,168
658,greninja,Water,Dark,72,95,67,103,71,122,6,FALSE,TRUE,FALSE,FALSE,,67,,168
659,bunnelby,Normal,,38,36,38,32,36,57,6,FALSE,FALSE,FALSE,FALSE,,53,167,37
660,diggersby,Normal,Ground,85,56,77,50,77,78,6,FALSE,TRUE,FALSE,FALSE,,53,167,37
661,fletchling,Normal,Flying,45,50,43,40,38,62,6,FALSE,FALSE,FALSE,FALSE,,145,,177
662,fletchinder,Fire,Flying,62,73,55,56,52,84,6,FALSE,FALSE,FALSE,FALSE,,49,,177
663,talonflame,Fire,Flying,78,81,71,74,69,126,6,FALSE,TRUE,FALSE,FALSE,,49,,177
664,scatterbug,Bug,,38,35,40,27,25,35,6,FALSE,FALSE,FALSE,FALSE,,19,14,132
665,spewpa,Bug,,45,22,60,27,30,29,6,FALSE,FALSE,FALSE,FALSE,,61,,132
666,vivillon,Bug,Flying,80,52,50,90,50,89,6,FALSE,TRUE,FALSE,FALSE,,19,14,132
667,litleo,Fire,Normal,62,50,58,73,54,72,6,FALSE,FALSE,FALSE,FALSE,,79,127,153
668,pyroar,Fire,Normal,86,68,72,109,66,106,6,FALSE,TRUE,FALSE,FALSE,,79,127,153
669,flabebe,Fairy,,44,38,39,61,79,42,6,FALSE,FALSE,FALSE,FALSE,,166,,180
670,floette,Fairy,,54,45,47,75,98,52,6,FALSE,FALSE,FALSE,FALSE,,166,,180
671,florges,Fairy,,78,65,68,112,154,75,6,FALSE,TRUE,FALSE,FALSE,,166,,180
672,skiddo,Grass,,66,65,48,62,57,52,6,FALSE,FALSE,FALSE,FALSE,,157,,179
673,gogoat,Grass,,123,100,62,97,81,68,6,FALSE,TRUE,FALSE,FALSE,,157,,179
674,pancham,Fighting,,67,82,62,46,48,43,6,FALSE,FALSE,FALSE,FALSE,,89,104,113
675,pangoro,Fighting,Dark,95,124,78,69,71,58,6,FALSE,TRUE,FALSE,FALSE,,89,104,113
676,furfrou,Normal,,75,80,60,65,90,102,6,FALSE,TRUE,FALSE,FALSE,,169,,
677,espurr,Psychic,,62,48,54,63,60,68,6,FALSE,FALSE,FALSE,FALSE,,51,151,20
678,meowstic,Psychic,,74,48,76,83,81,104,6,FALSE,TRUE,FALSE,FALSE,,51,151,158
679,honedge,Steel,Ghost,45,80,100,35,37,28,6,FALSE,FALSE,FALSE,FALSE,,99,,
680,doublade,Steel,Ghost,59,110,150,45,49,35,6,FALSE,FALSE,FALSE,FALSE,,99,,
681,aegislash,Steel,Ghost,60,50,140,50,140,60,6,FALSE,TRUE,FALSE,FALSE,,176,,
682,spritzee,Fairy,,78,52,60,63,65,23,6,FALSE,FALSE,FALSE,FALSE,,131,,165
683,aromatisse,Fairy,,101,72,72,99,89,29,6,FALSE,TRUE,FALSE,FALSE,,131,,165
684,swirlix,Fairy,,62,48,66,59,57,49,6,FALSE,FALSE,FALSE,FALSE,,175,,84
685,slurpuff,Fairy,,82,80,86,85,75,72,6,FALSE,TRUE,FALSE,FALSE,,175,,84
686,inkay,Dark,Psychic,53,54,53,37,46,45,6,FALSE,FALSE,FALSE,FALSE,,126,21,151
687,malamar,Dark,Psychic,86,92,88,68,75,73,6,FALSE,TRUE,FALSE,FALSE,,126,21,151
688,binacle,Rock,Water,42,52,67,39,56,50,6,FALSE,FALSE,FALSE,FALSE,,181,97,124
689,barbaracle,Rock,Water,72,105,115,54,86,68,6,FALSE,TRUE,FALSE,FALSE,,181,97,124
690,skrelp,Poison,Water,50,60,60,60,60,30,6,FALSE,FALSE,FALSE,FALSE,,38,143,91
691,dragalge,Poison,Dragon,65,75,90,97,123,44,6,FALSE,TRUE,FALSE,FALSE,,38,143,91
692,clauncher,Water,,50,53,62,58,63,44,6,FALSE,FALSE,FALSE,FALSE,,178,,
693,clawitzer,Water,,71,73,88,120,89,59,6,FALSE,TRUE,FALSE,FALSE,,178,,
694,helioptile,Electric,Normal,44,38,33,61,43,70,6,FALSE,FALSE,FALSE,FALSE,,87,8,94
695,heliolisk,Electric,Normal,62,55,52,109,94,109,6,FALSE,TRUE,FALSE,FALSE,,87,8,94
696,tyrunt,Rock,Dragon,58,89,77,45,45,48,6,FALSE,FALSE,FALSE,FALSE,,173,,5
697,tyrantrum,Rock,Dragon,82,121,119,69,59,71,6,FALSE,TRUE,FALSE,FALSE,,173,,69
698,amaura,Rock,Ice,77,59,50,67,63,46,6,FALSE,FALSE,FALSE,FALSE,,174,,117
699,aurorus,Rock,Ice,123,77,72,99,92,58,6,FALSE,TRUE,FALSE,FALSE,,174,,117
700,sylveon,Fairy,,95,65,65,110,130,60,6,FALSE,TRUE,FALSE,FALSE,,56,,182
701,hawlucha,Fighting,Flying,78,92,75,74,63,118,6,FALSE,TRUE,FALSE,FALSE,,7,84,104
702,dedenne,Electric,Fairy,67,58,57,81,67,101,6,FALSE,TRUE,FALSE,FALSE,,167,53,57
703,carbink,Rock,Fairy,50,50,150,50,150,50,6,FALSE,TRUE,FALSE,FALSE,,29,,5
704,goomy,Dragon,,45,50,35,55,75,40,6,FALSE,FALSE,FALSE,FALSE,,157,93,183
705,sliggoo,Dragon,,68,75,53,83,113,60,6,FALSE,FALSE,FALSE,FALSE,,157,93,183
706,goodra,Dragon,,90,100,70,110,150,80,6,FALSE,TRUE,FALSE,FALSE,,157,93,183
707,klefki,Steel,Fairy,57,80,91,80,87,75,6,FALSE,TRUE,FALSE,FALSE,,158,,170
708,phantump,Ghost,Grass,43,70,48,50,60,38,6,FALSE,FALSE,FALSE,FALSE,,30,119,139
709,trevenant,Ghost,Grass,85,110,76,65,82,56,6,FALSE,TRUE,FALSE,FALSE,,30,119,139
710,pumpkaboo,Ghost,Grass,49,66,70,44,55,51,6,FALSE,FALSE,FALSE,FALSE,,53,119,15
10027,Pumpkaboo Small,Ghost,Grass,44,66,70,44,55,56,6,FALSE,FALSE,FALSE,FALSE,,53,119,15
10028,Pumpkaboo Large,Ghost,Grass,54,66,70,44,55,46,6,FALSE,FALSE,FALSE,FALSE,,53,119,15
10029,Pumpkaboo Super,Ghost,Grass,59,66,70,44,55,41,6,FALSE,FALSE,FALSE,FALSE,,53,119,15
711,gourgeist,Ghost,Grass,65,90,122,58,75,84,6,FALSE,TRUE,FALSE,FALSE,,53,119,15
10030,Gourgeist Small ,Ghost,Grass,55,85,122,58,75,99,6,FALSE,TRUE,FALSE,FALSE,,53,119,15
10031,Gourgeist Large ,Ghost,Grass,75,95,122,58,75,69,6,FALSE,TRUE,FALSE,FALSE,,53,119,15
10032,Gourgeist Super ,Ghost,Grass,85,100,122,58,75,54,6,FALSE,TRUE,FALSE,FALSE,,53,119,15
712,bergmite,Ice,,55,69,85,32,35,28,6,FALSE,FALSE,FALSE,FALSE,,20,115,5
713,avalugg,Ice,,95,117,184,44,46,28,6,FALSE,TRUE,FALSE,FALSE,,20,115,5
714,noibat,Flying,Dragon,40,30,35,45,40,55,6,FALSE,FALSE,FALSE,FALSE,,119,151,140
715,noivern,Flying,Dragon,85,70,80,97,80,123,6,FALSE,TRUE,FALSE,FALSE,,119,151,140
716,xerneas,Fairy,,126,131,95,131,98,99,6,TRUE,TRUE,FALSE,FALSE,,187,,
717,yveltal,Dark,Flying,126,131,95,131,98,99,6,TRUE,TRUE,FALSE,FALSE,,186,,
718,zygarde 50%,Dragon,Ground,108,100,121,81,95,95,6,TRUE,TRUE,FALSE,FALSE,,188,,
719,diancie,Rock,Fairy,50,100,150,100,150,50,6,TRUE,TRUE,FALSE,TRUE,,29,,
10075,Mega Diancie,Rock,Fairy,50,160,110,160,110,110,6,TRUE,FALSE,TRUE,FALSE,719,156,,
720,hoopa,Psychic,Ghost,80,110,60,150,130,70,6,TRUE,TRUE,FALSE,FALSE,,170,,
721,volcanion,Fire,Water,80,110,120,130,90,70,6,TRUE,TRUE,FALSE,FALSE,,11,,
722,rowlet,Grass,Flying,68,55,55,50,50,42,7,FALSE,FALSE,FALSE,FALSE,,65,,203
723,dartrix,Grass,Flying,78,75,75,70,70,52,7,FALSE,FALSE,FALSE,FALSE,,65,,203
724,decidueye,Grass,Ghost,78,107,75,100,100,70,7,FALSE,TRUE,FALSE,FALSE,,65,,203
725,litten,Fire,,45,65,40,60,40,70,7,FALSE,FALSE,FALSE,FALSE,,66,,22
726,torracat,Fire,,65,85,50,80,50,90,7,FALSE,FALSE,FALSE,FALSE,,66,,22
727,incineroar,Fire,Dark,95,115,90,80,90,60,7,FALSE,TRUE,FALSE,FALSE,,66,,22
728,popplio,Water,,50,54,54,66,56,40,7,FALSE,FALSE,FALSE,FALSE,,67,,204
729,brionne,Water,,60,69,69,91,81,50,7,FALSE,FALSE,FALSE,FALSE,,67,,204
730,primarina,Water,Fairy,80,74,74,126,116,60,7,FALSE,TRUE,FALSE,FALSE,,67,,204
731,pikipek,Normal,Flying,35,75,30,30,30,65,7,FALSE,FALSE,FALSE,FALSE,,51,92,53
732,trumbeak,Normal,Flying,55,85,50,40,50,75,7,FALSE,FALSE,FALSE,FALSE,,51,92,53
733,toucannon,Normal,Flying,80,120,75,75,75,60,7,FALSE,TRUE,FALSE,FALSE,,51,92,125
734,yungoos,Normal,,48,70,30,30,30,45,7,FALSE,FALSE,FALSE,FALSE,,198,173,91
735,gumshoos,Normal,,88,110,60,55,60,45,7,FALSE,TRUE,FALSE,FALSE,,198,173,91
736,grubbin,Bug,,47,62,45,55,45,46,7,FALSE,FALSE,FALSE,FALSE,,68,,
737,charjaBug,Bug,Electric,57,82,95,55,75,36,7,FALSE,FALSE,FALSE,FALSE,,217,,
738,vikavolt,Bug,Electric,77,70,90,145,75,43,7,FALSE,TRUE,FALSE,FALSE,,26,,
739,crabrawler,Fighting,,47,82,57,42,47,63,7,FALSE,FALSE,FALSE,FALSE,,52,89,83
740,crabominable,Fighting,Ice,97,132,77,62,67,43,7,FALSE,TRUE,FALSE,FALSE,,52,89,83
741,oricorio,Fire,Flying,75,70,70,98,70,93,7,FALSE,TRUE,FALSE,FALSE,,216,,
742,cutiefly,Bug,Fairy,40,45,40,55,40,84,7,FALSE,FALSE,FALSE,FALSE,,118,19,175
743,ribombee,Bug,Fairy,60,55,60,95,70,124,7,FALSE,TRUE,FALSE,FALSE,,118,19,175
744,Rockruff,Rock,,45,65,40,30,40,60,7,FALSE,FALSE,FALSE,FALSE,,51,72,80
745,lycanroc,Rock,,75,115,65,55,65,112,7,FALSE,TRUE,FALSE,FALSE,,51,146,80
10152,lycanroc-D,Rock,,75,117,65,55,65,110,7,FALSE,TRUE,FALSE,FALSE,,181,,
10126,lycanroc-M,Rock,,85,115,75,55,75,82,7,FALSE,TRUE,FALSE,FALSE,,51,72,99
746,wishiwashi,Water,,45,20,20,25,25,40,7,FALSE,TRUE,FALSE,FALSE,,208,,
747,mareanie,Poison,Water,50,53,62,43,52,45,7,FALSE,FALSE,FALSE,FALSE,,196,7,144
748,toxapex,Poison,Water,50,63,152,53,142,35,7,FALSE,TRUE,FALSE,FALSE,,196,7,144
749,mudbray,Ground,,70,100,70,45,55,45,7,FALSE,FALSE,FALSE,FALSE,,20,192,39
750,mudsdale,Ground,,100,125,100,55,85,35,7,FALSE,TRUE,FALSE,FALSE,,20,192,39
751,dewpider,Water,Bug,38,40,52,40,72,27,7,FALSE,FALSE,FALSE,FALSE,,199,,11
752,araquanid,Water,Bug,68,70,92,50,132,42,7,FALSE,TRUE,FALSE,FALSE,,199,,11
753,fomantis,Grass,,40,55,35,50,35,35,7,FALSE,FALSE,FALSE,FALSE,,102,,126
754,lurantis,Grass,,70,105,90,80,90,45,7,FALSE,TRUE,FALSE,FALSE,,102,,126
755,morelull,Grass,Fairy,40,35,55,65,75,15,7,FALSE,FALSE,FALSE,FALSE,,35,27,44
756,shiinotic,Grass,Fairy,60,45,80,90,100,30,7,FALSE,TRUE,FALSE,FALSE,,35,27,44
757,salandit,Poison,Fire,48,44,40,71,40,77,7,FALSE,FALSE,FALSE,FALSE,,212,,12
758,salazzle,Poison,Fire,68,64,60,111,60,117,7,FALSE,TRUE,FALSE,FALSE,,212,,12
759,stufful,Normal,Fighting,70,75,50,45,50,50,7,FALSE,FALSE,FALSE,FALSE,,218,103,56
760,bewear,Normal,Fighting,120,125,80,55,60,60,7,FALSE,TRUE,FALSE,FALSE,,218,103,127
761,bounsweet,Grass,,42,30,38,30,38,32,7,FALSE,FALSE,FALSE,FALSE,,102,12,175
762,steenee,Grass,,52,40,48,40,48,62,7,FALSE,FALSE,FALSE,FALSE,,102,12,175
763,tsareena,Grass,,72,120,98,50,98,72,7,FALSE,TRUE,FALSE,FALSE,,102,214,175
764,comfey,Fairy,,51,52,90,82,110,100,7,FALSE,TRUE,FALSE,FALSE,,166,205,30
765,oranguru,Normal,Psychic,90,60,80,90,110,60,7,FALSE,TRUE,FALSE,FALSE,,39,140,180
766,passimian,Fighting,,100,120,90,40,60,80,7,FALSE,TRUE,FALSE,FALSE,,222,,128
767,wimpod,Bug,Water,25,35,40,20,30,80,7,FALSE,FALSE,FALSE,FALSE,,193,,
768,golisopod,Bug,Water,75,125,140,60,90,40,7,FALSE,TRUE,FALSE,FALSE,,194,,
769,sandygast,Ghost,Ground,55,55,80,70,45,15,7,FALSE,FALSE,FALSE,FALSE,,195,,8
770,palossand,Ghost,Ground,85,75,110,100,75,35,7,FALSE,TRUE,FALSE,FALSE,,195,,8
771,pyukumuku,Water,,55,60,130,30,130,5,7,FALSE,TRUE,FALSE,FALSE,,215,,109
772,type-null,Normal,,95,95,95,95,95,59,7,TRUE,FALSE,FALSE,FALSE,,4,,
773,silvally,Normal,,95,95,95,95,95,95,7,TRUE,TRUE,FALSE,FALSE,,225,,
774,minior,Rock,Flying,60,60,100,60,100,60,7,FALSE,TRUE,FALSE,FALSE,,197,,
775,komala,Normal,,65,115,65,75,95,65,7,FALSE,TRUE,FALSE,FALSE,,213,,
776,turtonator,Fire,Dragon,60,78,135,91,85,36,7,FALSE,TRUE,FALSE,FALSE,,75,,
777,togedemaru,Electric,Steel,65,98,63,40,73,96,7,FALSE,TRUE,FALSE,FALSE,,160,31,5
778,mimikyu,Ghost,Fairy,55,90,80,50,105,96,7,FALSE,TRUE,FALSE,FALSE,,209,,
779,bruxish,Water,Psychic,68,105,70,70,70,92,7,FALSE,TRUE,FALSE,FALSE,,219,173,147
780,drampa,Normal,Dragon,78,60,85,135,91,36,7,FALSE,TRUE,FALSE,FALSE,,201,157,13
781,dhelmise,Ghost,Grass,70,131,100,86,90,40,7,FALSE,TRUE,FALSE,FALSE,,200,,
782,jangmo-o,Dragon,,45,55,65,45,45,45,7,FALSE,FALSE,FALSE,FALSE,,171,43,142
783,hakamo-o,Dragon,Fighting,55,75,90,65,70,65,7,FALSE,FALSE,FALSE,FALSE,,171,43,142
784,kommo-o,Dragon,Fighting,75,110,125,100,105,85,7,FALSE,TRUE,FALSE,FALSE,,171,43,142
785,tapu-koko,Electric,Fairy,70,115,85,95,75,130,7,TRUE,TRUE,FALSE,FALSE,,226,,140
786,tapu-lele,Psychic,Fairy,70,85,75,130,115,95,7,TRUE,TRUE,FALSE,FALSE,,227,,140
787,tapu-bulu,Grass,Fairy,70,130,115,85,95,75,7,TRUE,TRUE,FALSE,FALSE,,229,,140
788,tapu-fini,Water,Fairy,70,75,115,95,130,85,7,TRUE,TRUE,FALSE,FALSE,,228,,140
789,cosmog,Psychic,,43,29,31,29,31,37,7,TRUE,FALSE,FALSE,FALSE,,109,,
790,cosmoem,Psychic,,43,29,131,29,131,37,7,TRUE,FALSE,FALSE,FALSE,,5,,
791,solgaleo,Psychic,Steel,137,137,107,113,89,97,7,TRUE,TRUE,FALSE,FALSE,,230,,
792,lunala,Psychic,Ghost,137,113,89,137,107,97,7,TRUE,TRUE,FALSE,FALSE,,231,,
793,nihilego,Rock,Poison,109,53,47,127,131,103,7,TRUE,TRUE,FALSE,FALSE,,224,,
794,buzzwole,Bug,Fighting,107,139,139,53,53,79,7,TRUE,TRUE,FALSE,FALSE,,224,,
795,pheromosa,Bug,Fighting,71,137,37,137,37,151,7,TRUE,TRUE,FALSE,FALSE,,224,,
796,xurkitree,Electric,,83,89,71,173,71,83,7,TRUE,TRUE,FALSE,FALSE,,224,,
797,celeSteela,Steel,Flying,97,101,103,107,101,61,7,TRUE,TRUE,FALSE,FALSE,,224,,
798,kartana,Grass,Steel,59,181,131,59,31,109,7,TRUE,TRUE,FALSE,FALSE,,224,,
799,guzzlord,Dark,Dragon,223,101,53,97,53,43,7,TRUE,TRUE,FALSE,FALSE,,224,,
800,necrozma,Psychic,,97,107,101,127,89,79,7,TRUE,TRUE,FALSE,FALSE,,232,,
10155,necrozma-DW,Psychic,Ghost,97,113,109,157,127,77,7,TRUE,TRUE,FALSE,FALSE,,232,,
10156,necrozma-DM,Psychic,Steel,97,157,127,113,109,77,7,TRUE,TRUE,FALSE,FALSE,,232,,
10157,nerozma-U,Psychic,Dragon,97,167,97,167,97,129,7,TRUE,TRUE,FALSE,FALSE,,233,,
801,magearna,Steel,Fairy,80,95,115,130,115,65,7,TRUE,TRUE,FALSE,FALSE,,220,,
802,marshadow,Fighting,Ghost,90,125,80,90,90,125,7,TRUE,TRUE,FALSE,FALSE,,101,,
803,poipole,Poison,,67,73,67,73,67,73,7,TRUE,FALSE,FALSE,FALSE,,224,,
804,naganadel,Poison,Dragon,73,73,73,127,73,121,7,TRUE,TRUE,FALSE,FALSE,,224,,
805,stakataka,Rock,Steel,61,131,211,53,101,13,7,TRUE,TRUE,FALSE,FALSE,,224,,
806,blacephalon,Fire,Ghost,53,127,53,151,79,107,7,TRUE,TRUE,FALSE,FALSE,,224,,
807,zeraora,Electric,,88,112,75,102,80,143,7,TRUE,TRUE,FALSE,FALSE,,10,,
10091,A-Rattata,Dark,Normal,30,56,35,25,35,72,7,FALSE,FALSE,FALSE,FALSE,,82,55,47
10092,A-Raticate,Dark,Normal,75,71,70,40,80,77,7,FALSE,TRUE,FALSE,FALSE,,82,55,47
10100,A-Raichu,Electric,Psychic,60,85,50,95,85,110,7,FALSE,TRUE,FALSE,FALSE,,207,,
10101,A-Sandshrew,Ice,Steel,50,75,90,10,35,40,7,FALSE,FALSE,FALSE,FALSE,,81,,202
10102,A-Sandslash,Ice,Steel,75,100,120,25,65,65,7,FALSE,TRUE,FALSE,FALSE,,81,,202
10103,A-Vulpix,Ice,,38,41,40,50,65,65,7,FALSE,FALSE,FALSE,FALSE,,81,,117
10104,A-Ninetales,Ice,Fairy,73,67,75,81,100,109,7,FALSE,TRUE,FALSE,FALSE,,81,,117
10105,A-Diglett,Ground,Steel,10,55,30,35,45,90,7,FALSE,FALSE,FALSE,FALSE,,8,221,159
10106,A-Dugtrio,Ground,Steel,35,100,60,50,70,110,7,FALSE,TRUE,FALSE,FALSE,,8,221,159
10107,A-Meowth,Dark,,40,35,35,50,40,90,7,FALSE,FALSE,FALSE,FALSE,,53,101,155
10108,A-Persian,Dark,,65,60,60,75,65,115,7,FALSE,TRUE,FALSE,FALSE,,169,101,155
10109,A-Geodude,Rock,Electric,40,80,100,30,30,20,7,FALSE,FALSE,FALSE,FALSE,,42,5,206
10110,A-Graveler,Rock,Electric,55,95,115,45,45,35,7,FALSE,FALSE,FALSE,FALSE,,42,5,206
10111,A-Golem,Rock,Electric,80,120,130,55,65,45,7,FALSE,TRUE,FALSE,FALSE,,42,5,206
10112,A-Grimer,Poison,Dark,80,80,50,40,50,25,7,FALSE,FALSE,FALSE,FALSE,,143,82,223
10113,A-Muk,Poison,Dark,105,105,75,65,100,50,7,FALSE,TRUE,FALSE,FALSE,,143,82,223
10114,A-Marowak,Ghost,Fire,60,80,110,50,80,45,7,FALSE,TRUE,FALSE,FALSE,,119,,139
10115,A-Exeggutor,Grass,Dragon,95,105,85,125,75,45,7,FALSE,TRUE,FALSE,FALSE,,130,31,69
10118,Zygarde 10%,Dragon,Ground,54,100,71,61,85,115,7,TRUE,TRUE,FALSE,FALSE,,211,,
10120,Zygarde 100%,Dragon,Ground,216,100,121,91,95,85,7,TRUE,TRUE,FALSE,FALSE,,211,,
808,meltan,Steel,,46,65,65,55,35,34,8,FALSE,FALSE,FALSE,FALSE,,,,
809,melmetal,Steel,,135,143,143,80,65,34,8,FALSE,TRUE,FALSE,FALSE,,,,
810,grookey,Grass,,50,5,50,40,40,65,8,FALSE,FALSE,FALSE,FALSE,,,,
811,thwacky,Grass,,70,85,70,55,60,80,8,FALSE,FALSE,FALSE,FALSE,,,,
812,rillaboom,Grass,,100,125,90,60,70,85,8,FALSE,TRUE,FALSE,FALSE,,,,
813,scorbunny,Fire,,50,71,40,40,40,69,8,FALSE,FALSE,FALSE,FALSE,,,,
814,raboot,Fire,,65,86,60,55,60,94,8,FALSE,FALSE,FALSE,FALSE,,,,
815,cinderace,Fire,,80,116,75,65,75,119,8,FALSE,TRUE,FALSE,FALSE,,,,
816,sobble,Water,,50,40,40,70,40,70,8,FALSE,FALSE,FALSE,FALSE,,,,
817,drizzile,Water,,65,60,55,95,55,90,8,FALSE,FALSE,FALSE,FALSE,,,,
818,inteleon,Water,,70,85,65,125,65,120,8,FALSE,TRUE,FALSE,FALSE,,,,
819,rookiedee,Flying,,38,47,35,35,35,57,8,FALSE,FALSE,FALSE,FALSE,,,,
820,corvisquire,Flying,,68,67,55,43,55,77,8,FALSE,FALSE,FALSE,FALSE,,,,
821,corviknight,Flying,Steel,98,87,105,53,85,67,8,FALSE,TRUE,FALSE,FALSE,,,,
822,skwovet,Normal,,70,55,55,35,35,25,8,FALSE,FALSE,FALSE,FALSE,,,,
823,greedunt,Normal,,120,95,95,55,75,20,8,FALSE,TRUE,FALSE,FALSE,,,,
824,wooloo,Normal,,42,40,55,40,45,48,8,FALSE,FALSE,FALSE,FALSE,,,,
825,dubwool,Normal,,72,80,100,60,90,88,8,FALSE,TRUE,FALSE,FALSE,,,,
826,grossifleur,Grass,,40,40,60,40,60,10,8,FALSE,FALSE,FALSE,FALSE,,,,
827,eldegoss,Grass,,60,50,90,80,120,60,8,FALSE,TRUE,FALSE,FALSE,,,,
828,nickit,Dark,,40,28,28,47,52,50,8,FALSE,FALSE,FALSE,FALSE,,,,
829,thievul,Dark,,70,58,58,87,92,90,8,FALSE,TRUE,FALSE,FALSE,,,,
830,yamper,Electric,,59,45,50,40,50,26,8,FALSE,FALSE,FALSE,FALSE,,,,
831,bolthund,Electric,,69,90,60,90,60,121,8,FALSE,TRUE,FALSE,FALSE,,,,
832,milcerie,Fairy,,45,40,40,50,61,34,8,FALSE,FALSE,FALSE,FALSE,,,,
833,alcremie,Fairy,,65,60,75,110,121,64,8,FALSE,TRUE,FALSE,FALSE,,,,
834,blipbug,Bug,,25,20,20,25,45,45,8,FALSE,FALSE,FALSE,FALSE,,,,
835,dottler,Bug,Psychic,50,35,80,50,90,30,8,FALSE,FALSE,FALSE,FALSE,,,,
836,orbeetle,Bug,Psychic,60,45,110,80,120,90,8,FALSE,TRUE,FALSE,FALSE,,,,
837,morpeko,Electric,Dark,58,95,58,70,58,97,8,FALSE,TRUE,FALSE,FALSE,,,,
838,chewtle,Water,,50,64,50,38,38,44,8,FALSE,FALSE,FALSE,FALSE,,,,
839,drednaw,Water,Rock,90,115,90,48,68,74,8,FALSE,TRUE,FALSE,FALSE,,,,
840,hattena,Psychic,,42,30,45,56,53,39,8,FALSE,FALSE,FALSE,FALSE,,,,
841,hattrem,Psychic,,57,40,65,86,73,49,8,FALSE,FALSE,FALSE,FALSE,,,,
842,hatterene,Psychic,Fairy,57,90,95,136,103,29,8,FALSE,TRUE,FALSE,FALSE,,,,
843,arrokuda,Water,,41,63,40,40,30,66,8,FALSE,FALSE,FALSE,FALSE,,,,
844,barraskewda,Water,,61,123,60,60,50,136,8,FALSE,TRUE,FALSE,FALSE,,,,
845,cramorant,Water,Flying,70,85,55,85,95,85,8,FALSE,TRUE,FALSE,FALSE,,,,
846,silicobra,Ground,,52,57,75,35,50,46,8,FALSE,FALSE,FALSE,FALSE,,,,
847,sandaconda,Ground,,72,107,125,65,75,71,8,FALSE,TRUE,FALSE,FALSE,,,,
848,sinistea,Ghost,,40,45,45,74,54,50,8,FALSE,FALSE,FALSE,FALSE,,,,
849,poltageist,Ghost,,60,65,65,134,114,70,8,FALSE,TRUE,FALSE,FALSE,,,,
850,rolycoly,Rock,Fire,30,40,50,40,50,30,8,FALSE,FALSE,FALSE,FALSE,,,,
851,carkoal,Rock,Fire,80,60,90,60,70,50,8,FALSE,FALSE,FALSE,FALSE,,,,
852,coalossal,Rock,Fire,110,80,120,80,90,30,8,FALSE,TRUE,FALSE,FALSE,,,,
853,cufant,Steel,,72,80,49,40,49,40,8,FALSE,FALSE,FALSE,FALSE,,,,
854,copperajah,Steel,,122,130,69,80,69,30,8,FALSE,TRUE,FALSE,FALSE,,,,
855,impidimp,Dark,Fairy,45,45,30,55,40,50,8,FALSE,FALSE,FALSE,FALSE,,,,
856,morgrem,Dark,Fairy,65,60,45,75,55,70,8,FALSE,FALSE,FALSE,FALSE,,,,
857,grimmsnarl,Dark,Fairy,95,120,65,95,75,60,8,FALSE,TRUE,FALSE,FALSE,,,,
858,toxel,Poison,Electric,40,38,35,54,35,40,8,FALSE,FALSE,FALSE,FALSE,,,,
859,toxtricity,Poison,Electric,75,98,70,114,70,75,8,FALSE,TRUE,FALSE,FALSE,,,,
860,snom,Ice,Bug,30,25,35,45,30,20,8,FALSE,FALSE,FALSE,FALSE,,,,
861,frosmoth,Ice,Bug,70,65,60,125,90,65,8,FALSE,TRUE,FALSE,FALSE,,,,
862,sizzlipede,Fire,Bug,50,65,45,50,50,45,8,FALSE,FALSE,FALSE,FALSE,,,,
863,centiskorch,Fire,Bug,100,115,65,90,90,65,8,FALSE,TRUE,FALSE,FALSE,,,,
864,clobbopus,Fighting,,50,68,60,50,50,32,8,FALSE,FALSE,FALSE,FALSE,,,,
865,grapploct,Fighting,,80,118,90,70,80,42,8,FALSE,TRUE,FALSE,FALSE,,,,
866,duraldon,Steel,Dragon,70,95,115,120,50,85,8,FALSE,TRUE,FALSE,FALSE,,,,
867,stonjourner,Rock,,100,125,135,20,20,70,8,FALSE,TRUE,FALSE,FALSE,,,,
868,pincurchin,Electric,,48,101,95,91,85,15,8,FALSE,TRUE,FALSE,FALSE,,,,
869,indeedee,Psychic,Normal,60,65,55,105,95,95,8,FALSE,TRUE,FALSE,FALSE,,,,
870,applin,Grass,Dragon,40,40,80,40,40,20,8,FALSE,FALSE,FALSE,FALSE,,,,
871,flappple,Grass,Dragon,70,110,80,95,60,70,8,FALSE,TRUE,FALSE,FALSE,,,,
872,appletun,Grass,Dragon,110,85,80,100,80,30,8,FALSE,TRUE,FALSE,FALSE,,,,
873,eiscue,Ice,,75,80,110,65,90,50,8,FALSE,TRUE,FALSE,FALSE,,,,
874,dreepy,Dragon,Ghost,28,60,30,40,30,82,8,FALSE,FALSE,FALSE,FALSE,,,,
875,drakloak,Dragon,Ghost,68,80,50,60,50,102,8,FALSE,FALSE,FALSE,FALSE,,,,
876,dragapult,Dragon,Ghost,88,120,75,100,75,142,8,FALSE,TRUE,FALSE,FALSE,,,,
877,falinks,Fighting,,65,100,100,70,60,75,8,FALSE,TRUE,FALSE,FALSE,,,,
878,dracozolt,Electric,Dragon,90,100,90,80,70,75,8,FALSE,TRUE,FALSE,FALSE,,,,
879,arctozolt,Electric,Ice,90,100,90,90,80,55,8,FALSE,TRUE,FALSE,FALSE,,,,
880,dracovish,Water,Dragon,90,90,100,70,80,75,8,FALSE,TRUE,FALSE,FALSE,,,,
881,arctovish,Water,Ice,90,90,100,80,90,55,8,FALSE,TRUE,FALSE,FALSE,,,,
882,G-Meowth,Steel,,50,65,55,40,40,40,8,FALSE,FALSE,FALSE,FALSE,,,,
883,perserker,Steel,,70,110,100,50,60,50,8,FALSE,TRUE,FALSE,FALSE,,,,
884,G-Ponyta,Psychic,,50,85,55,65,65,90,8,FALSE,FALSE,FALSE,FALSE,,,,
885,G-Rapidash,Psychic,Fairy,65,100,70,80,80,105,8,FALSE,TRUE,FALSE,FALSE,,,,
886,G-Farfetchd,Fighting,,52,95,55,58,62,55,8,FALSE,FALSE,FALSE,FALSE,,,,
887,sirfetchd,Fighting,,62,135,95,68,82,65,8,FALSE,TRUE,FALSE,FALSE,,,,
888,G-Weezing,Poison,Fairy,65,90,120,85,70,60,8,FALSE,TRUE,FALSE,FALSE,,,,
889,G-Mr. Mime,Ice,Psychic,50,65,65,90,90,100,8,FALSE,FALSE,FALSE,FALSE,,,,
890,Mr. Rime,Ice,Psychic,80,85,75,110,100,70,8,FALSE,TRUE,FALSE,FALSE,,,,
891,G-Corsola,Ghost,,60,55,100,65,100,30,8,FALSE,FALSE,FALSE,FALSE,,,,
892,cursola,Ghost,,60,95,50,145,130,30,8,FALSE,TRUE,FALSE,FALSE,,,,
893,G-Stunfisk,Ground,Steel,110,81,105,60,75,40,8,FALSE,TRUE,FALSE,FALSE,,,,
894,G-Zigzagoon,Dark,Normal,38,30,41,30,41,60,8,FALSE,FALSE,FALSE,FALSE,,,,
895,G-Linoone,Dark,Normal,78,70,61,50,61,100,8,FALSE,FALSE,FALSE,FALSE,,,,
896,obstagoon,Dark,Normal,93,90,101,60,81,95,8,FALSE,TRUE,FALSE,FALSE,,,,
897,G-Darumaka,Ice,,70,90,45,15,45,50,8,FALSE,FALSE,FALSE,FALSE,,,,
898,G-Darmanitan,Ice,,105,140,55,30,55,95,8,FALSE,TRUE,FALSE,FALSE,,,,
899,G-Yamask,Ground,Ghost,38,55,85,30,65,30,8,FALSE,FALSE,FALSE,FALSE,,,,
900,runerigus,Ground,Dragon,58,95,145,50,105,30,8,FALSE,TRUE,FALSE,FALSE,,,,
901,Zacian,Fairy,,92,130,115,80,115,138,8,TRUE,TRUE,FALSE,FALSE,,,,
902,Zacian-Sword,Fairy,Steel,92,170,115,80,115,148,8,TRUE,TRUE,FALSE,FALSE,,,,
903,Zamazenta,Fighting,,92,130,115,80,115,138,8,TRUE,TRUE,FALSE,FALSE,,,,
904,Zamazenta-Shield,Fighting,Steel,92,130,145,80,145,128,8,TRUE,TRUE,FALSE,FALSE,,,,
905,Eternatus,Poison,Dragon,140,85,95,145,95,130,8,TRUE,TRUE,FALSE,FALSE,,,,
906,Eternatus-Active,Poison,Dragon,255,115,250,125,250,130,8,TRUE,TRUE,FALSE,FALSE,,,,
